"FILE","MODEL","RECYCLE","TOL","pLDDT","pTM","piTM","iScore","iRes","iCnt","FILE_MODEL","NUM_CLUSTERS","N_MONOMERS","ORIGIN","FILE_RECYCLE","RANK"
"DHF119_TIR_T6BD_x2",1,"model_1_multimer_v3_p1_230516_210621",1.132,58.6,0.3161,0.2767,0.169,133,174,"DHF119_TIR_T6BD_x2_1",1,2,"DHF_ALL","DHF119_TIR_T6BD_x2_1_model_1_multimer_v3_p1_230516_210621",4
"DHF119_TIR_T6BD_x2",2,"model_2_multimer_v3_p1_230516_265095",0.916,61.94,0.3614,0.3051,0.1555,126,173,"DHF119_TIR_T6BD_x2_2",1,2,"DHF_ALL","DHF119_TIR_T6BD_x2_2_model_2_multimer_v3_p1_230516_265095",5
"DHF119_TIR_T6BD_x2",3,"model_3_multimer_v3_p1_230516_358176",4.636,59.26,0.3045,0.2971,0.175,135,203,"DHF119_TIR_T6BD_x2_3",1,2,"DHF_ALL","DHF119_TIR_T6BD_x2_3_model_3_multimer_v3_p1_230516_358176",3
"DHF119_TIR_T6BD_x2",4,"model_4_multimer_v3_p1_230516_394972",2.317,57.73,0.3569,0.3567,0.3142,103,128,"DHF119_TIR_T6BD_x2_4",1,2,"DHF_ALL","DHF119_TIR_T6BD_x2_4_model_4_multimer_v3_p1_230516_394972",1
"DHF119_TIR_T6BD_x2",5,"model_5_multimer_v3_p1_230516_760474",3.043,59.52,0.3099,0.2989,0.1966,110,146,"DHF119_TIR_T6BD_x2_5",1,2,"DHF_ALL","DHF119_TIR_T6BD_x2_5_model_5_multimer_v3_p1_230516_760474",2
"DHF119_TIR_T6BD_x3",1,"model_1_multimer_v3_p1_230516_381427",8.19,54.87,0.3013,0.2698,0.1946,290,359,"DHF119_TIR_T6BD_x3_1",1,3,"DHF_ALL","DHF119_TIR_T6BD_x3_1_model_1_multimer_v3_p1_230516_381427",3
"DHF119_TIR_T6BD_x3",2,"model_2_multimer_v3_p1_230516_182701",1.215,57.04,0.3123,0.2806,0.2071,228,253,"DHF119_TIR_T6BD_x3_2",1,3,"DHF_ALL","DHF119_TIR_T6BD_x3_2_model_2_multimer_v3_p1_230516_182701",2
"DHF119_TIR_T6BD_x3",3,"model_3_multimer_v3_p1_230516_013504",2.837,56.14,0.2911,0.2822,0.1554,243,374,"DHF119_TIR_T6BD_x3_3",1,3,"DHF_ALL","DHF119_TIR_T6BD_x3_3_model_3_multimer_v3_p1_230516_013504",5
"DHF119_TIR_T6BD_x3",4,"model_4_multimer_v3_p1_230516_422549",2.337,56.27,0.3303,0.2742,0.2287,232,333,"DHF119_TIR_T6BD_x3_4",1,3,"DHF_ALL","DHF119_TIR_T6BD_x3_4_model_4_multimer_v3_p1_230516_422549",1
"DHF119_TIR_T6BD_x3",5,"model_5_multimer_v3_p1_230516_624868",3.289,55.85,0.3033,0.2664,0.1637,310,467,"DHF119_TIR_T6BD_x3_5",1,3,"DHF_ALL","DHF119_TIR_T6BD_x3_5_model_5_multimer_v3_p1_230516_624868",4
"DHF119_TIR_T6BD_x4",1,"model_1_multimer_v3_p1_230516_955023",3.681,55.19,0.331,0.42,0.3544,339,478,"DHF119_TIR_T6BD_x4_1",1,4,"DHF_ALL","DHF119_TIR_T6BD_x4_1_model_1_multimer_v3_p1_230516_955023",3
"DHF119_TIR_T6BD_x4",2,"model_2_multimer_v3_p1_230516_227555",2.394,57.14,0.3261,0.3145,0.267,288,405,"DHF119_TIR_T6BD_x4_2",1,4,"DHF_ALL","DHF119_TIR_T6BD_x4_2_model_2_multimer_v3_p1_230516_227555",4
"DHF119_TIR_T6BD_x4",3,"model_3_multimer_v3_p1_230516_032905",2.449,54.39,0.3623,0.3995,0.3565,278,383,"DHF119_TIR_T6BD_x4_3",1,4,"DHF_ALL","DHF119_TIR_T6BD_x4_3_model_3_multimer_v3_p1_230516_032905",2
"DHF119_TIR_T6BD_x4",4,"model_4_multimer_v3_p1_230516_695582",2.939,53.28,0.2852,0.2201,0.2609,160,167,"DHF119_TIR_T6BD_x4_4",1,4,"DHF_ALL","DHF119_TIR_T6BD_x4_4_model_4_multimer_v3_p1_230516_695582",5
"DHF119_TIR_T6BD_x4",5,"model_5_multimer_v3_p1_230516_298635",5.652,54.38,0.348,0.5466,0.4869,157,209,"DHF119_TIR_T6BD_x4_5",1,4,"DHF_ALL","DHF119_TIR_T6BD_x4_5_model_5_multimer_v3_p1_230516_298635",1
"DHF119_TIR_T6BD_x5",1,"model_1_multimer_v3_p1_230516_531386",2.063,54.02,0.3767,0.4641,0.4212,485,644,"DHF119_TIR_T6BD_x5_1",1,5,"DHF_ALL","DHF119_TIR_T6BD_x5_1_model_1_multimer_v3_p1_230516_531386",1
"DHF119_TIR_T6BD_x5",2,"model_2_multimer_v3_p1_230516_265754",2.848,53.57,0.3533,0.3757,0.3061,347,486,"DHF119_TIR_T6BD_x5_2",1,5,"DHF_ALL","DHF119_TIR_T6BD_x5_2_model_2_multimer_v3_p1_230516_265754",4
"DHF119_TIR_T6BD_x5",3,"model_3_multimer_v3_p1_230516_416970",2.827,52.25,0.37,0.4003,0.3718,381,555,"DHF119_TIR_T6BD_x5_3",1,5,"DHF_ALL","DHF119_TIR_T6BD_x5_3_model_3_multimer_v3_p1_230516_416970",2
"DHF119_TIR_T6BD_x5",4,"model_4_multimer_v3_p1_230516_424307",6.04,52.05,0.3412,0.2888,0.2248,494,767,"DHF119_TIR_T6BD_x5_4",1,5,"DHF_ALL","DHF119_TIR_T6BD_x5_4_model_4_multimer_v3_p1_230516_424307",5
"DHF119_TIR_T6BD_x5",5,"model_5_multimer_v3_p1_230516_452262",2.259,52.79,0.3714,0.3824,0.3527,453,590,"DHF119_TIR_T6BD_x5_5",1,5,"DHF_ALL","DHF119_TIR_T6BD_x5_5_model_5_multimer_v3_p1_230516_452262",3
"DHF119_TIR_T6BD_x6",1,"model_1_multimer_v3_p1_230517_788342",1.354,52.53,0.3764,0.3811,0.3741,663,923,"DHF119_TIR_T6BD_x6_1",1,6,"DHF_ALL","DHF119_TIR_T6BD_x6_1_model_1_multimer_v3_p1_230517_788342",2
"DHF119_TIR_T6BD_x6",2,"model_2_multimer_v3_p1_230517_918903",4.709,51.91,0.3537,0.3784,0.3642,371,494,"DHF119_TIR_T6BD_x6_2",1,6,"DHF_ALL","DHF119_TIR_T6BD_x6_2_model_2_multimer_v3_p1_230517_918903",3
"DHF119_TIR_T6BD_x6",3,"model_3_multimer_v3_p1_230517_629688",4.583,49.4,0.363,0.2868,0.2897,780,1353,"DHF119_TIR_T6BD_x6_3",1,6,"DHF_ALL","DHF119_TIR_T6BD_x6_3_model_3_multimer_v3_p1_230517_629688",5
"DHF119_TIR_T6BD_x6",4,"model_4_multimer_v3_p1_230517_416869",5.141,50.65,0.3733,0.3455,0.3473,509,674,"DHF119_TIR_T6BD_x6_4",1,6,"DHF_ALL","DHF119_TIR_T6BD_x6_4_model_4_multimer_v3_p1_230517_416869",4
"DHF119_TIR_T6BD_x6",5,"model_5_multimer_v3_p1_230517_275983",3.391,50.86,0.385,0.3897,0.3886,619,858,"DHF119_TIR_T6BD_x6_5",1,6,"DHF_ALL","DHF119_TIR_T6BD_x6_5_model_5_multimer_v3_p1_230517_275983",1
"DHF119_x6",1,"model_1_multimer_v3_p1_230523_699734",1.295,80.38,0.2903,0.2338,0.0827,314,508,"DHF119_x6_1",1,6,"DHF_ALL","DHF119_x6_1_model_1_multimer_v3_p1_230523_699734",1
"DHF119_x6",2,"model_2_multimer_v3_p1_230523_174316",1.098,75.86,0.2906,0.2229,0.0698,287,321,"DHF119_x6_2",1,6,"DHF_ALL","DHF119_x6_2_model_2_multimer_v3_p1_230523_174316",3
"DHF119_x6",3,"model_3_multimer_v3_p1_230523_781962",0.726,77.32,0.2848,0.2163,0.0463,206,280,"DHF119_x6_3",1,6,"DHF_ALL","DHF119_x6_3_model_3_multimer_v3_p1_230523_781962",5
"DHF119_x6",4,"model_4_multimer_v3_p1_230523_597947",0.803,72.76,0.2929,0.2323,0.0763,286,701,"DHF119_x6_4",1,6,"DHF_ALL","DHF119_x6_4_model_4_multimer_v3_p1_230523_597947",2
"DHF119_x6",5,"model_5_multimer_v3_p1_230523_129800",0.877,72.43,0.2774,0.2223,0.0603,260,537,"DHF119_x6_5",1,6,"DHF_ALL","DHF119_x6_5_model_5_multimer_v3_p1_230523_129800",4
"DHF91_TIR_T6BD_x2",1,"model_1_multimer_v3_p1_230517_715082",0.919,49.78,0.2762,0.2487,0.0479,136,186,"DHF91_TIR_T6BD_x2_1",1,2,"DHF_ALL","DHF91_TIR_T6BD_x2_1_model_1_multimer_v3_p1_230517_715082",5
"DHF91_TIR_T6BD_x2",2,"model_2_multimer_v3_p1_230517_205728",0.966,54.62,0.321,0.2682,0.1614,101,116,"DHF91_TIR_T6BD_x2_2",1,2,"DHF_ALL","DHF91_TIR_T6BD_x2_2_model_2_multimer_v3_p1_230517_205728",2
"DHF91_TIR_T6BD_x2",3,"model_3_multimer_v3_p1_230517_269663",3.297,53.91,0.2869,0.4501,0.0783,119,231,"DHF91_TIR_T6BD_x2_3",1,2,"DHF_ALL","DHF91_TIR_T6BD_x2_3_model_3_multimer_v3_p1_230517_269663",4
"DHF91_TIR_T6BD_x2",4,"model_4_multimer_v3_p1_230517_224644",2.538,54.24,0.3708,0.3163,0.2703,117,159,"DHF91_TIR_T6BD_x2_4",1,2,"DHF_ALL","DHF91_TIR_T6BD_x2_4_model_4_multimer_v3_p1_230517_224644",1
"DHF91_TIR_T6BD_x2",5,"model_5_multimer_v3_p1_230517_507468",4.725,52.66,0.303,0.2609,0.131,100,137,"DHF91_TIR_T6BD_x2_5",1,2,"DHF_ALL","DHF91_TIR_T6BD_x2_5_model_5_multimer_v3_p1_230517_507468",3
"DHF91_TIR_T6BD_x3",1,"model_1_multimer_v3_p1_230517_001449",4.051,44.94,0.2642,0.2016,0.0512,191,239,"DHF91_TIR_T6BD_x3_1",1,3,"DHF_ALL","DHF91_TIR_T6BD_x3_1_model_1_multimer_v3_p1_230517_001449",5
"DHF91_TIR_T6BD_x3",2,"model_2_multimer_v3_p1_230517_178786",1.532,49.64,0.3238,0.2915,0.21,196,240,"DHF91_TIR_T6BD_x3_2",1,3,"DHF_ALL","DHF91_TIR_T6BD_x3_2_model_2_multimer_v3_p1_230517_178786",2
"DHF91_TIR_T6BD_x3",3,"model_3_multimer_v3_p1_230517_958052",1.782,50.02,0.2962,0.2571,0.1333,257,440,"DHF91_TIR_T6BD_x3_3",1,3,"DHF_ALL","DHF91_TIR_T6BD_x3_3_model_3_multimer_v3_p1_230517_958052",4
"DHF91_TIR_T6BD_x3",4,"model_4_multimer_v3_p1_230517_085910",3.794,52.02,0.3445,0.3862,0.31,156,203,"DHF91_TIR_T6BD_x3_4",1,3,"DHF_ALL","DHF91_TIR_T6BD_x3_4_model_4_multimer_v3_p1_230517_085910",1
"DHF91_TIR_T6BD_x3",5,"model_5_multimer_v3_p1_230517_707216",3.954,48.13,0.2998,0.2757,0.1594,241,411,"DHF91_TIR_T6BD_x3_5",1,3,"DHF_ALL","DHF91_TIR_T6BD_x3_5_model_5_multimer_v3_p1_230517_707216",3
"DHF91_TIR_T6BD_x4",1,"model_1_multimer_v3_p1_230517_742373",3.538,49.98,0.3568,0.41,0.3713,339,417,"DHF91_TIR_T6BD_x4_1",1,4,"DHF_ALL","DHF91_TIR_T6BD_x4_1_model_1_multimer_v3_p1_230517_742373",2
"DHF91_TIR_T6BD_x4",2,"model_2_multimer_v3_p1_230517_753272",5.105,50,0.3486,0.3129,0.2851,351,447,"DHF91_TIR_T6BD_x4_2",1,4,"DHF_ALL","DHF91_TIR_T6BD_x4_2_model_2_multimer_v3_p1_230517_753272",3
"DHF91_TIR_T6BD_x4",3,"model_3_multimer_v3_p1_230517_312743",4.977,45.28,0.2707,0.1955,0.1101,257,366,"DHF91_TIR_T6BD_x4_3",1,4,"DHF_ALL","DHF91_TIR_T6BD_x4_3_model_3_multimer_v3_p1_230517_312743",5
"DHF91_TIR_T6BD_x4",4,"model_4_multimer_v3_p1_230517_690213",5.39,52.07,0.3888,0.4651,0.4477,276,343,"DHF91_TIR_T6BD_x4_4",1,4,"DHF_ALL","DHF91_TIR_T6BD_x4_4_model_4_multimer_v3_p1_230517_690213",1
"DHF91_TIR_T6BD_x4",5,"model_5_multimer_v3_p1_230517_773251",3.86,43.78,0.2876,0.2068,0.1402,372,603,"DHF91_TIR_T6BD_x4_5",1,4,"DHF_ALL","DHF91_TIR_T6BD_x4_5_model_5_multimer_v3_p1_230517_773251",4
"DHF91_TIR_T6BD_x5",1,"model_1_multimer_v3_p1_230517_766293",2.664,49.07,0.3843,0.4823,0.444,434,560,"DHF91_TIR_T6BD_x5_1",1,5,"DHF_ALL","DHF91_TIR_T6BD_x5_1_model_1_multimer_v3_p1_230517_766293",1
"DHF91_TIR_T6BD_x5",2,"model_2_multimer_v3_p1_230517_912106",3.292,47.32,0.3674,0.3028,0.2753,508,659,"DHF91_TIR_T6BD_x5_2",1,5,"DHF_ALL","DHF91_TIR_T6BD_x5_2_model_2_multimer_v3_p1_230517_912106",4
"DHF91_TIR_T6BD_x5",3,"model_3_multimer_v3_p1_230517_558779",17.996,41.47,0.2823,0.1915,0.1699,597,1074,"DHF91_TIR_T6BD_x5_3",1,5,"DHF_ALL","DHF91_TIR_T6BD_x5_3_model_3_multimer_v3_p1_230517_558779",5
"DHF91_TIR_T6BD_x5",4,"model_4_multimer_v3_p1_230517_973091",3.966,50.34,0.3995,0.4248,0.3981,399,539,"DHF91_TIR_T6BD_x5_4",1,5,"DHF_ALL","DHF91_TIR_T6BD_x5_4_model_4_multimer_v3_p1_230517_973091",3
"DHF91_TIR_T6BD_x5",5,"model_5_multimer_v3_p1_230517_995274",2.063,46.25,0.384,0.4612,0.4197,274,361,"DHF91_TIR_T6BD_x5_5",1,5,"DHF_ALL","DHF91_TIR_T6BD_x5_5_model_5_multimer_v3_p1_230517_995274",2
"DHF91_TIR_T6BD_x6",1,"model_1_multimer_v3_p1_230517_000529",2.191,47.1,0.386,0.373,0.3793,736,941,"DHF91_TIR_T6BD_x6_1",1,6,"DHF_ALL","DHF91_TIR_T6BD_x6_1_model_1_multimer_v3_p1_230517_000529",2
"DHF91_TIR_T6BD_x6",2,"model_2_multimer_v3_p1_230517_409191",6.81,45.14,0.3771,0.298,0.303,668,1309,"DHF91_TIR_T6BD_x6_2",1,6,"DHF_ALL","DHF91_TIR_T6BD_x6_2_model_2_multimer_v3_p1_230517_409191",4
"DHF91_TIR_T6BD_x6",3,"model_3_multimer_v3_p1_230517_484635",5.062,43.32,0.3625,0.3116,0.3037,639,939,"DHF91_TIR_T6BD_x6_3",1,6,"DHF_ALL","DHF91_TIR_T6BD_x6_3_model_3_multimer_v3_p1_230517_484635",3
"DHF91_TIR_T6BD_x6",4,"model_4_multimer_v3_p1_230517_667649",5.705,45.33,0.2865,0.2023,0.0883,363,454,"DHF91_TIR_T6BD_x6_4",1,6,"DHF_ALL","DHF91_TIR_T6BD_x6_4_model_4_multimer_v3_p1_230517_667649",5
"DHF91_TIR_T6BD_x6",5,"model_5_multimer_v3_p1_230517_069516",5.104,45.89,0.3939,0.4092,0.41,500,586,"DHF91_TIR_T6BD_x6_5",1,6,"DHF_ALL","DHF91_TIR_T6BD_x6_5_model_5_multimer_v3_p1_230517_069516",1
"DHF91_x6",1,"model_1_multimer_v3_p1_230523_983987",0.596,73.15,0.2762,0.2057,0.0625,151,151,"DHF91_x6_1",1,6,"DHF_ALL","DHF91_x6_1_model_1_multimer_v3_p1_230523_983987",4
"DHF91_x6",2,"model_2_multimer_v3_p1_230523_440260",0.81,67.39,0.2855,0.1655,0.0577,129,160,"DHF91_x6_2",1,6,"DHF_ALL","DHF91_x6_2_model_2_multimer_v3_p1_230523_440260",5
"DHF91_x6",3,"model_3_multimer_v3_p1_230523_225556",0.92,64.11,0.2555,0.1937,0.0686,202,230,"DHF91_x6_3",1,6,"DHF_ALL","DHF91_x6_3_model_3_multimer_v3_p1_230523_225556",3
"DHF91_x6",4,"model_4_multimer_v3_p1_230523_199172",2.207,68.73,0.3205,0.2795,0.1075,187,259,"DHF91_x6_4",1,6,"DHF_ALL","DHF91_x6_4_model_4_multimer_v3_p1_230523_199172",1
"DHF91_x6",5,"model_5_multimer_v3_p1_230523_023493",1.305,63.08,0.265,0.2018,0.0857,233,256,"DHF91_x6_5",1,6,"DHF_ALL","DHF91_x6_5_model_5_multimer_v3_p1_230523_023493",2
