"FILE","MODEL","TOL","pLDDT","pTM","piTM","iScore","iRes","iCnt","FILE_MODEL","NUM_CLUSTERS","N_MONOMERS","ORIGIN","FILE_N","RANK"
"IRAK4_A2ADA5_x1",1,2.36,78.57,0.2133,0.4233,0.0241,62,79,"IRAK4_A2ADA5_x1_x2_model_1",1,2,"IRAK4","IRAK4_A2ADA5_x1_2",4
"IRAK4_A2ADA5_x1",2,2.07,79.46,0.2192,0.4774,0.0234,64,96,"IRAK4_A2ADA5_x1_x2_model_2",1,2,"IRAK4","IRAK4_A2ADA5_x1_2",3
"IRAK4_A2ADA5_x1",3,0.57,78.74,0.2202,0.3566,0.0246,60,72,"IRAK4_A2ADA5_x1_x2_model_3",1,2,"IRAK4","IRAK4_A2ADA5_x1_2",2
"IRAK4_A2ADA5_x1",4,0.64,77.59,0.3674,0.3077,0.1013,62,74,"IRAK4_A2ADA5_x1_x2_model_4",1,2,"IRAK4","IRAK4_A2ADA5_x1_2",1
"IRAK4_A2ADA5_x1",5,1.26,76.93,0.2077,0.2928,0.0233,70,91,"IRAK4_A2ADA5_x1_x2_model_5",1,2,"IRAK4","IRAK4_A2ADA5_x1_2",5
"IRAK4_D3Z7P3_x1",1,1.49,71.41,0.2231,0.3676,0.0482,110,156,"IRAK4_D3Z7P3_x1_x2_model_1",1,2,"IRAK4","IRAK4_D3Z7P3_x1_2",4
"IRAK4_D3Z7P3_x1",2,5.77,72.57,0.2528,0.2807,0.0643,83,108,"IRAK4_D3Z7P3_x1_x2_model_2",1,2,"IRAK4","IRAK4_D3Z7P3_x1_2",1
"IRAK4_D3Z7P3_x1",3,1.85,71.87,0.2397,0.2251,0.0221,58,61,"IRAK4_D3Z7P3_x1_x2_model_3",1,2,"IRAK4","IRAK4_D3Z7P3_x1_2",2
"IRAK4_D3Z7P3_x1",4,4.47,70.37,0.2239,0.2641,0.0228,68,92,"IRAK4_D3Z7P3_x1_x2_model_4",1,2,"IRAK4","IRAK4_D3Z7P3_x1_2",3
"IRAK4_D3Z7P3_x1",5,5.09,71,0.2175,0.281,0.0104,42,39,"IRAK4_D3Z7P3_x1_x2_model_5",1,2,"IRAK4","IRAK4_D3Z7P3_x1_2",5
"IRAK4_E9PZM4_x1",1,7.04,55.05,0.3161,0.2398,0.0463,69,68,"IRAK4_E9PZM4_x1_x2_model_1",1,2,"IRAK4","IRAK4_E9PZM4_x1_2",1
"IRAK4_E9PZM4_x1",2,2.8,56.83,0.2627,0.0216,3e-04,18,15,"IRAK4_E9PZM4_x1_x2_model_2",1,2,"IRAK4","IRAK4_E9PZM4_x1_2",4
"IRAK4_E9PZM4_x1",3,8.4,56.72,0.2999,0.2743,0.0228,50,47,"IRAK4_E9PZM4_x1_x2_model_3",1,2,"IRAK4","IRAK4_E9PZM4_x1_2",2
"IRAK4_E9PZM4_x1",4,6.59,54.28,0.2968,0.3094,0.052,125,234,"IRAK4_E9PZM4_x1_x2_model_4",1,2,"IRAK4","IRAK4_E9PZM4_x1_2",3
"IRAK4_E9PZM4_x1",5,4.66,55.8,0.2571,0.1181,0.0041,32,23,"IRAK4_E9PZM4_x1_x2_model_5",1,2,"IRAK4","IRAK4_E9PZM4_x1_2",5
"IRAK4_E9Q612_x1",1,2.04,68.1,0.2597,0.3756,0.0739,127,176,"IRAK4_E9Q612_x1_x2_model_1",1,2,"IRAK4","IRAK4_E9Q612_x1_2",1
"IRAK4_E9Q612_x1",2,2.49,70.02,0.22,0.1887,0.0101,45,49,"IRAK4_E9Q612_x1_x2_model_2",1,2,"IRAK4","IRAK4_E9Q612_x1_2",5
"IRAK4_E9Q612_x1",3,2.22,67.64,0.2328,0.2167,0.0206,68,104,"IRAK4_E9Q612_x1_x2_model_3",1,2,"IRAK4","IRAK4_E9Q612_x1_2",3
"IRAK4_E9Q612_x1",4,4.95,67.76,0.2316,0.2463,0.0283,76,85,"IRAK4_E9Q612_x1_x2_model_4",1,2,"IRAK4","IRAK4_E9Q612_x1_2",4
"IRAK4_E9Q612_x1",5,2.07,68.44,0.233,0.3011,0.0317,82,119,"IRAK4_E9Q612_x1_x2_model_5",1,2,"IRAK4","IRAK4_E9Q612_x1_2",2
"IRAK4_O08749_x1",1,1.53,82.22,0.254,0.3675,0.0272,58,73,"IRAK4_O08749_x1_x2_model_1",1,2,"IRAK4","IRAK4_O08749_x1_2",1
"IRAK4_O08749_x1",2,2.45,82.57,0.251,0.4631,0.0285,77,153,"IRAK4_O08749_x1_x2_model_2",1,2,"IRAK4","IRAK4_O08749_x1_2",2
"IRAK4_O08749_x1",3,1.52,81.99,0.2295,0.4779,0.0161,57,59,"IRAK4_O08749_x1_x2_model_3",1,2,"IRAK4","IRAK4_O08749_x1_2",5
"IRAK4_O08749_x1",4,3.49,81.46,0.2439,0.431,0.0191,56,87,"IRAK4_O08749_x1_x2_model_4",1,2,"IRAK4","IRAK4_O08749_x1_2",3
"IRAK4_O08749_x1",5,1.18,81.99,0.2354,0.2885,0.01,40,38,"IRAK4_O08749_x1_x2_model_5",1,2,"IRAK4","IRAK4_O08749_x1_2",4
"IRAK4_O88892_x1",1,0.97,73.83,0.3699,0.3432,0.0818,71,88,"IRAK4_O88892_x1_x2_model_1",1,2,"IRAK4","IRAK4_O88892_x1_2",10
"IRAK4_O88892_x1",2,0.74,76.61,0.4284,0.3677,0.1268,36,42,"IRAK4_O88892_x1_x2_model_2",1,2,"IRAK4","IRAK4_O88892_x1_2",3
"IRAK4_O88892_x1",3,0.54,76.41,0.5171,0.5016,0.2764,57,59,"IRAK4_O88892_x1_x2_model_3",1,2,"IRAK4","IRAK4_O88892_x1_2",1
"IRAK4_O88892_x1",4,1.9,73.7,0.3896,0.3421,0.1055,103,153,"IRAK4_O88892_x1_x2_model_4",1,2,"IRAK4","IRAK4_O88892_x1_2",6
"IRAK4_O88892_x1",5,0.74,75.24,0.4434,0.3707,0.1691,44,42,"IRAK4_O88892_x1_x2_model_5",1,2,"IRAK4","IRAK4_O88892_x1_2",2
"IRAK4_P08003_x1",1,1.31,76.3,0.2577,0.2682,0.0393,103,149,"IRAK4_P08003_x1_x2_model_1",1,2,"IRAK4","IRAK4_P08003_x1_2",2
"IRAK4_P08003_x1",2,1.32,76.68,0.2433,0.28,0.0423,128,197,"IRAK4_P08003_x1_x2_model_2",1,2,"IRAK4","IRAK4_P08003_x1_2",5
"IRAK4_P08003_x1",3,2.11,75.66,0.2467,0.224,0.0302,99,141,"IRAK4_P08003_x1_x2_model_3",1,2,"IRAK4","IRAK4_P08003_x1_2",4
"IRAK4_P08003_x1",4,1.82,75.08,0.2649,0.277,0.0524,145,298,"IRAK4_P08003_x1_x2_model_4",1,2,"IRAK4","IRAK4_P08003_x1_2",1
"IRAK4_P08003_x1",5,3.46,75.78,0.249,0.237,0.0361,128,205,"IRAK4_P08003_x1_x2_model_5",1,2,"IRAK4","IRAK4_P08003_x1_2",3
"IRAK4_P10107_x1",1,1.84,79.39,0.2582,0.376,0.0313,48,61,"IRAK4_P10107_x1_x2_model_1",1,2,"IRAK4","IRAK4_P10107_x1_2",1
"IRAK4_P10107_x1",2,0.6,77.77,0.2284,0.3431,0.0365,78,118,"IRAK4_P10107_x1_x2_model_2",1,2,"IRAK4","IRAK4_P10107_x1_2",5
"IRAK4_P10107_x1",3,1.48,77.93,0.2335,0.3179,0.0198,49,65,"IRAK4_P10107_x1_x2_model_3",1,2,"IRAK4","IRAK4_P10107_x1_2",4
"IRAK4_P10107_x1",4,0.79,75.47,0.2396,0.3269,0.0474,108,160,"IRAK4_P10107_x1_x2_model_4",1,2,"IRAK4","IRAK4_P10107_x1_2",3
"IRAK4_P10107_x1",5,1.22,77.75,0.2461,0.2527,0.013,36,38,"IRAK4_P10107_x1_x2_model_5",1,2,"IRAK4","IRAK4_P10107_x1_2",2
"IRAK4_P10639_x1",1,1.31,77,0.2264,0.458,0.0344,64,140,"IRAK4_P10639_x1_x2_model_1",1,2,"IRAK4","IRAK4_P10639_x1_2",2
"IRAK4_P10639_x1",2,4.4,77.37,0.2225,0.4038,0.0295,59,109,"IRAK4_P10639_x1_x2_model_2",1,2,"IRAK4","IRAK4_P10639_x1_2",5
"IRAK4_P10639_x1",3,1.26,77.45,0.4466,0.4118,0.1436,43,68,"IRAK4_P10639_x1_x2_model_3",1,2,"IRAK4","IRAK4_P10639_x1_2",1
"IRAK4_P10639_x1",4,2.25,75.33,0.2256,0.3856,0.0274,53,69,"IRAK4_P10639_x1_x2_model_4",1,2,"IRAK4","IRAK4_P10639_x1_2",3
"IRAK4_P10639_x1",5,1.73,75.46,0.2242,0.4729,0.028,54,101,"IRAK4_P10639_x1_x2_model_5",1,2,"IRAK4","IRAK4_P10639_x1_2",4
"IRAK4_P11157_x1",1,1.87,71.75,0.2234,0.281,0.0231,53,52,"IRAK4_P11157_x1_x2_model_1",1,2,"IRAK4","IRAK4_P11157_x1_2",2
"IRAK4_P11157_x1",2,2.31,73.17,0.2218,0.3347,0.0164,49,58,"IRAK4_P11157_x1_x2_model_2",1,2,"IRAK4","IRAK4_P11157_x1_2",3
"IRAK4_P11157_x1",3,1.96,71.92,0.1987,0.2431,0.0195,58,56,"IRAK4_P11157_x1_x2_model_3",1,2,"IRAK4","IRAK4_P11157_x1_2",5
"IRAK4_P11157_x1",4,2.18,70.83,0.2305,0.2572,0.0286,65,62,"IRAK4_P11157_x1_x2_model_4",1,2,"IRAK4","IRAK4_P11157_x1_2",1
"IRAK4_P11157_x1",5,1.57,71.39,0.2095,0.2302,0.0138,47,45,"IRAK4_P11157_x1_x2_model_5",1,2,"IRAK4","IRAK4_P11157_x1_2",4
"IRAK4_P15105_x1",1,1.38,80.26,0.2451,0.2951,0.0195,50,46,"IRAK4_P15105_x1_x2_model_1",1,2,"IRAK4","IRAK4_P15105_x1_2",2
"IRAK4_P15105_x1",2,0.86,80.71,0.2559,0.2778,0.0281,61,56,"IRAK4_P15105_x1_x2_model_2",1,2,"IRAK4","IRAK4_P15105_x1_2",1
"IRAK4_P15105_x1",3,0.45,80.28,0.2366,0.2597,0.0131,43,49,"IRAK4_P15105_x1_x2_model_3",1,2,"IRAK4","IRAK4_P15105_x1_2",4
"IRAK4_P15105_x1",4,1.01,80.01,0.2369,0.2546,0.015,48,44,"IRAK4_P15105_x1_x2_model_4",1,2,"IRAK4","IRAK4_P15105_x1_2",3
"IRAK4_P15105_x1",5,1.89,80.08,0.2301,0.3104,0.0215,67,89,"IRAK4_P15105_x1_x2_model_5",1,2,"IRAK4","IRAK4_P15105_x1_2",5
"IRAK4_P18572_x1",1,1.67,72.11,0.2382,0.3464,0.0468,66,88,"IRAK4_P18572_x1_x2_model_1",1,2,"IRAK4","IRAK4_P18572_x1_2",2
"IRAK4_P18572_x1",2,2.87,72.56,0.217,0.3836,0.0492,84,142,"IRAK4_P18572_x1_x2_model_2",1,2,"IRAK4","IRAK4_P18572_x1_2",5
"IRAK4_P18572_x1",3,1.44,72.69,0.2353,0.3188,0.0591,74,94,"IRAK4_P18572_x1_x2_model_3",1,2,"IRAK4","IRAK4_P18572_x1_2",3
"IRAK4_P18572_x1",4,1.8,72.29,0.225,0.3631,0.0479,73,109,"IRAK4_P18572_x1_x2_model_4",1,2,"IRAK4","IRAK4_P18572_x1_2",4
"IRAK4_P18572_x1",5,1.82,73.1,0.2922,0.3552,0.1032,75,90,"IRAK4_P18572_x1_x2_model_5",1,2,"IRAK4","IRAK4_P18572_x1_2",1
"IRAK4_P20108_x1",1,2.27,73.2,0.2525,0.3714,0.029,51,59,"IRAK4_P20108_x1_x2_model_1",1,2,"IRAK4","IRAK4_P20108_x1_2",2
"IRAK4_P20108_x1",2,2.22,73.3,0.253,0.3744,0.0308,57,70,"IRAK4_P20108_x1_x2_model_2",1,2,"IRAK4","IRAK4_P20108_x1_2",1
"IRAK4_P20108_x1",3,1.97,73.74,0.2446,0.3644,0.0247,46,49,"IRAK4_P20108_x1_x2_model_3",1,2,"IRAK4","IRAK4_P20108_x1_2",3
"IRAK4_P20108_x1",4,1.52,73.05,0.2429,0.4098,0.0235,46,61,"IRAK4_P20108_x1_x2_model_4",1,2,"IRAK4","IRAK4_P20108_x1_2",4
"IRAK4_P20108_x1",5,4.44,72.56,0.2393,0.3264,0.0104,31,34,"IRAK4_P20108_x1_x2_model_5",1,2,"IRAK4","IRAK4_P20108_x1_2",5
"IRAK4_P22366_x1",1,0.82,74.36,0.4066,0.3452,0.2713,113,176,"IRAK4_P22366_x1_x2_model_1",1,2,"IRAK4","IRAK4_P22366_x1_2",7
"IRAK4_P22366_x1",2,2.06,75.83,0.3989,0.3672,0.2476,108,155,"IRAK4_P22366_x1_x2_model_2",1,2,"IRAK4","IRAK4_P22366_x1_2",10
"IRAK4_P22366_x1",3,3.59,75.82,0.4019,0.308,0.2476,94,123,"IRAK4_P22366_x1_x2_model_3",1,2,"IRAK4","IRAK4_P22366_x1_2",9
"IRAK4_P22366_x1",4,1.4,75.01,0.4285,0.3416,0.3092,98,124,"IRAK4_P22366_x1_x2_model_4",1,2,"IRAK4","IRAK4_P22366_x1_2",1
"IRAK4_P22366_x1",5,3.59,74.78,0.4175,0.3358,0.2283,108,136,"IRAK4_P22366_x1_x2_model_5",1,2,"IRAK4","IRAK4_P22366_x1_2",2
"IRAK4_P23506_x1",1,0.73,79.24,0.3712,0.3692,0.1077,53,60,"IRAK4_P23506_x1_x2_model_1",1,2,"IRAK4","IRAK4_P23506_x1_2",2
"IRAK4_P23506_x1",2,0.74,81.08,0.5114,0.3796,0.2139,54,56,"IRAK4_P23506_x1_x2_model_2",1,2,"IRAK4","IRAK4_P23506_x1_2",1
"IRAK4_P23506_x1",3,1.44,78.5,0.2286,0.3721,0.0336,68,94,"IRAK4_P23506_x1_x2_model_3",1,2,"IRAK4","IRAK4_P23506_x1_2",5
"IRAK4_P23506_x1",4,1.38,77.09,0.2573,0.3488,0.041,63,74,"IRAK4_P23506_x1_x2_model_4",1,2,"IRAK4","IRAK4_P23506_x1_2",4
"IRAK4_P23506_x1",5,1.15,77.79,0.3016,0.3393,0.0669,58,82,"IRAK4_P23506_x1_x2_model_5",1,2,"IRAK4","IRAK4_P23506_x1_2",3
"IRAK4_P28063_x1",1,1.24,72.08,0.3303,0.4101,0.1065,56,56,"IRAK4_P28063_x1_x2_model_1",1,2,"IRAK4","IRAK4_P28063_x1_2",1
"IRAK4_P28063_x1",2,1.58,74.3,0.2647,0.3934,0.0411,63,87,"IRAK4_P28063_x1_x2_model_2",1,2,"IRAK4","IRAK4_P28063_x1_2",3
"IRAK4_P28063_x1",3,2.17,70.21,0.221,0.3111,0.0129,37,41,"IRAK4_P28063_x1_x2_model_3",1,2,"IRAK4","IRAK4_P28063_x1_2",5
"IRAK4_P28063_x1",4,2.87,68.77,0.2841,0.2952,0.0561,60,54,"IRAK4_P28063_x1_x2_model_4",1,2,"IRAK4","IRAK4_P28063_x1_2",2
"IRAK4_P28063_x1",5,3.44,68.72,0.257,0.2839,0.0214,30,24,"IRAK4_P28063_x1_x2_model_5",1,2,"IRAK4","IRAK4_P28063_x1_2",4
"IRAK4_P28352_x1",1,1.12,78.94,0.2831,0.3591,0.0521,48,49,"IRAK4_P28352_x1_x2_model_1",1,2,"IRAK4","IRAK4_P28352_x1_2",2
"IRAK4_P28352_x1",2,0.69,79.49,0.25,0.3016,0.0426,69,81,"IRAK4_P28352_x1_x2_model_2",1,2,"IRAK4","IRAK4_P28352_x1_2",4
"IRAK4_P28352_x1",3,1.27,78.67,0.3089,0.3135,0.0641,50,48,"IRAK4_P28352_x1_x2_model_3",1,2,"IRAK4","IRAK4_P28352_x1_2",1
"IRAK4_P28352_x1",4,2.15,78.1,0.235,0.3478,0.0284,59,82,"IRAK4_P28352_x1_x2_model_4",1,2,"IRAK4","IRAK4_P28352_x1_2",5
"IRAK4_P28352_x1",5,2.15,77.6,0.2594,0.323,0.0279,57,60,"IRAK4_P28352_x1_x2_model_5",1,2,"IRAK4","IRAK4_P28352_x1_2",3
"IRAK4_P34884_x1",1,0.92,79.47,0.2417,0.2388,0.0056,27,27,"IRAK4_P34884_x1_x2_model_1",1,2,"IRAK4","IRAK4_P34884_x1_2",8
"IRAK4_P34884_x1",2,2.17,79.35,0.2479,0.0441,5e-04,14,19,"IRAK4_P34884_x1_x2_model_2",1,2,"IRAK4","IRAK4_P34884_x1_2",6
"IRAK4_P34884_x1",3,0.57,79.16,0.2346,0.3137,0.0098,37,77,"IRAK4_P34884_x1_x2_model_3",1,2,"IRAK4","IRAK4_P34884_x1_2",10
"IRAK4_P34884_x1",4,1.05,78.74,0.2677,0.1489,0.0046,25,20,"IRAK4_P34884_x1_x2_model_4",1,2,"IRAK4","IRAK4_P34884_x1_2",3
"IRAK4_P34884_x1",5,1.72,79.05,0.245,0.1719,0.0025,24,22,"IRAK4_P34884_x1_x2_model_5",1,2,"IRAK4","IRAK4_P34884_x1_2",7
"IRAK4_P38060_x1",1,1.37,78.71,0.2701,0.3231,0.0529,76,85,"IRAK4_P38060_x1_x2_model_1",1,2,"IRAK4","IRAK4_P38060_x1_2",2
"IRAK4_P38060_x1",2,1.67,78.06,0.2775,0.318,0.0543,79,99,"IRAK4_P38060_x1_x2_model_2",1,2,"IRAK4","IRAK4_P38060_x1_2",1
"IRAK4_P38060_x1",3,1.15,77.73,0.248,0.253,0.0252,55,56,"IRAK4_P38060_x1_x2_model_3",1,2,"IRAK4","IRAK4_P38060_x1_2",4
"IRAK4_P38060_x1",4,1.46,77.78,0.2648,0.318,0.0486,81,92,"IRAK4_P38060_x1_x2_model_4",1,2,"IRAK4","IRAK4_P38060_x1_2",3
"IRAK4_P38060_x1",5,1.44,77.08,0.2326,0.2832,0.0254,61,71,"IRAK4_P38060_x1_x2_model_5",1,2,"IRAK4","IRAK4_P38060_x1_2",5
"IRAK4_P47809_x1",1,3.23,69.56,0.216,0.3256,0.0348,85,114,"IRAK4_P47809_x1_x2_model_1",1,2,"IRAK4","IRAK4_P47809_x1_2",3
"IRAK4_P47809_x1",2,1.65,70.59,0.2234,0.3066,0.0346,97,107,"IRAK4_P47809_x1_x2_model_2",1,2,"IRAK4","IRAK4_P47809_x1_2",1
"IRAK4_P47809_x1",3,7.88,68.83,0.2064,0.2943,0.0266,77,110,"IRAK4_P47809_x1_x2_model_3",1,2,"IRAK4","IRAK4_P47809_x1_2",5
"IRAK4_P47809_x1",4,6.31,69.47,0.2174,0.3195,0.0348,83,115,"IRAK4_P47809_x1_x2_model_4",1,2,"IRAK4","IRAK4_P47809_x1_2",2
"IRAK4_P47809_x1",5,2.41,70.12,0.2087,0.2896,0.0299,75,101,"IRAK4_P47809_x1_x2_model_5",1,2,"IRAK4","IRAK4_P47809_x1_2",4
"IRAK4_P48024_x1",1,1.22,71.41,0.3027,0.3799,0.0549,67,83,"IRAK4_P48024_x1_x2_model_1",1,2,"IRAK4","IRAK4_P48024_x1_2",8
"IRAK4_P48024_x1",2,1.97,73.28,0.2982,0.3567,0.0563,86,107,"IRAK4_P48024_x1_x2_model_2",1,2,"IRAK4","IRAK4_P48024_x1_2",10
"IRAK4_P48024_x1",3,1.32,74.32,0.3598,0.3418,0.0897,56,63,"IRAK4_P48024_x1_x2_model_3",1,2,"IRAK4","IRAK4_P48024_x1_2",5
"IRAK4_P48024_x1",4,0.38,78.34,0.7117,0.5659,0.4533,43,44,"IRAK4_P48024_x1_x2_model_4",1,2,"IRAK4","IRAK4_P48024_x1_2",1
"IRAK4_P48024_x1",5,0.81,78.35,0.7098,0.5473,0.4235,47,44,"IRAK4_P48024_x1_x2_model_5",1,2,"IRAK4","IRAK4_P48024_x1_2",2
"IRAK4_P49722_x1",1,1.8,76.02,0.298,0.4151,0.0592,77,135,"IRAK4_P49722_x1_x2_model_1",1,2,"IRAK4","IRAK4_P49722_x1_2",2
"IRAK4_P49722_x1",2,1.62,77.36,0.3302,0.3411,0.071,74,87,"IRAK4_P49722_x1_x2_model_2",1,2,"IRAK4","IRAK4_P49722_x1_2",1
"IRAK4_P49722_x1",3,1.58,75.64,0.2749,0.3537,0.0503,98,171,"IRAK4_P49722_x1_x2_model_3",1,2,"IRAK4","IRAK4_P49722_x1_2",4
"IRAK4_P49722_x1",4,0.9,75.13,0.2847,0.3868,0.0625,96,173,"IRAK4_P49722_x1_x2_model_4",1,2,"IRAK4","IRAK4_P49722_x1_2",3
"IRAK4_P49722_x1",5,1.66,75.29,0.2685,0.2939,0.0348,80,129,"IRAK4_P49722_x1_x2_model_5",1,2,"IRAK4","IRAK4_P49722_x1_2",5
"IRAK4_P51943_x1",1,4.28,68.66,0.2163,0.3295,0.0455,88,129,"IRAK4_P51943_x1_x2_model_1",1,2,"IRAK4","IRAK4_P51943_x1_2",2
"IRAK4_P51943_x1",2,2.42,69.46,0.2113,0.4112,0.0318,73,110,"IRAK4_P51943_x1_x2_model_2",1,2,"IRAK4","IRAK4_P51943_x1_2",3
"IRAK4_P51943_x1",3,8.01,68.23,0.2001,0.4052,0.0256,70,105,"IRAK4_P51943_x1_x2_model_3",1,2,"IRAK4","IRAK4_P51943_x1_2",5
"IRAK4_P51943_x1",4,4.52,68.25,0.2258,0.3228,0.0695,82,124,"IRAK4_P51943_x1_x2_model_4",1,2,"IRAK4","IRAK4_P51943_x1_2",1
"IRAK4_P51943_x1",5,5.21,68.2,0.2057,0.2828,0.0224,50,64,"IRAK4_P51943_x1_x2_model_5",1,2,"IRAK4","IRAK4_P51943_x1_2",4
"IRAK4_P58801_x1",1,1.67,68.01,0.2784,0.2801,0.0942,112,133,"IRAK4_P58801_x1_x2_model_1",1,2,"IRAK4","IRAK4_P58801_x1_2",1
"IRAK4_P58801_x1",2,1.99,69.42,0.2164,0.3146,0.037,101,138,"IRAK4_P58801_x1_x2_model_2",1,2,"IRAK4","IRAK4_P58801_x1_2",2
"IRAK4_P58801_x1",3,1.84,68.82,0.1985,0.3004,0.0187,65,86,"IRAK4_P58801_x1_x2_model_3",1,2,"IRAK4","IRAK4_P58801_x1_2",5
"IRAK4_P58801_x1",4,5.99,66.42,0.2123,0.2544,0.0444,125,222,"IRAK4_P58801_x1_x2_model_4",1,2,"IRAK4","IRAK4_P58801_x1_2",3
"IRAK4_P58801_x1",5,2.45,67.89,0.204,0.2573,0.0299,87,114,"IRAK4_P58801_x1_x2_model_5",1,2,"IRAK4","IRAK4_P58801_x1_2",4
"IRAK4_P59325_x1",1,1.77,70.76,0.3566,0.3266,0.1304,78,98,"IRAK4_P59325_x1_x2_model_1",1,2,"IRAK4","IRAK4_P59325_x1_2",2
"IRAK4_P59325_x1",2,0.79,71.79,0.3305,0.3211,0.1145,64,75,"IRAK4_P59325_x1_x2_model_2",1,2,"IRAK4","IRAK4_P59325_x1_2",3
"IRAK4_P59325_x1",3,1.72,70.15,0.2068,0.2018,0.0104,37,37,"IRAK4_P59325_x1_x2_model_3",1,2,"IRAK4","IRAK4_P59325_x1_2",5
"IRAK4_P59325_x1",4,2.7,67.89,0.2298,0.388,0.0442,84,135,"IRAK4_P59325_x1_x2_model_4",1,2,"IRAK4","IRAK4_P59325_x1_2",4
"IRAK4_P59325_x1",5,2.44,71.63,0.4931,0.3268,0.2409,71,89,"IRAK4_P59325_x1_x2_model_5",1,2,"IRAK4","IRAK4_P59325_x1_2",1
"IRAK4_P59511_x1",1,2.17,58.86,0.2625,0.2204,0.0344,97,123,"IRAK4_P59511_x1_x2_model_1",1,2,"IRAK4","IRAK4_P59511_x1_2",5
"IRAK4_P59511_x1",2,1.87,62.79,0.2746,0.2911,0.0296,71,84,"IRAK4_P59511_x1_x2_model_2",1,2,"IRAK4","IRAK4_P59511_x1_2",4
"IRAK4_P59511_x1",3,8.26,61.24,0.285,0.3183,0.0243,47,50,"IRAK4_P59511_x1_x2_model_3",1,2,"IRAK4","IRAK4_P59511_x1_2",3
"IRAK4_P59511_x1",4,17.51,62.15,0.5568,0.341,0.28,98,100,"IRAK4_P59511_x1_x2_model_4",1,2,"IRAK4","IRAK4_P59511_x1_2",1
"IRAK4_P59511_x1",5,2.21,61.2,0.3018,0.174,0.035,67,57,"IRAK4_P59511_x1_x2_model_5",1,2,"IRAK4","IRAK4_P59511_x1_2",2
"IRAK4_P60762_x1",1,1.46,66.72,0.2281,0.2728,0.036,88,104,"IRAK4_P60762_x1_x2_model_1",1,2,"IRAK4","IRAK4_P60762_x1_2",2
"IRAK4_P60762_x1",2,1.29,69.28,0.2279,0.178,0.0375,78,100,"IRAK4_P60762_x1_x2_model_2",1,2,"IRAK4","IRAK4_P60762_x1_2",3
"IRAK4_P60762_x1",3,3.32,68.58,0.2171,0.2886,0.0236,57,61,"IRAK4_P60762_x1_x2_model_3",1,2,"IRAK4","IRAK4_P60762_x1_2",4
"IRAK4_P60762_x1",4,2.07,67.31,0.2394,0.1808,0.0249,55,52,"IRAK4_P60762_x1_x2_model_4",1,2,"IRAK4","IRAK4_P60762_x1_2",1
"IRAK4_P60762_x1",5,1.35,68.07,0.213,0.2698,0.0248,61,76,"IRAK4_P60762_x1_x2_model_5",1,2,"IRAK4","IRAK4_P60762_x1_2",5
"IRAK4_P61759_x1",1,1.87,74.68,0.4664,0.3492,0.1883,54,49,"IRAK4_P61759_x1_x2_model_1",1,2,"IRAK4","IRAK4_P61759_x1_2",6
"IRAK4_P61759_x1",2,1.33,75.33,0.2938,0.2721,0.0626,45,43,"IRAK4_P61759_x1_x2_model_2",1,2,"IRAK4","IRAK4_P61759_x1_2",8
"IRAK4_P61759_x1",3,0.52,76.91,0.569,0.3793,0.2298,47,42,"IRAK4_P61759_x1_x2_model_3",1,2,"IRAK4","IRAK4_P61759_x1_2",2
"IRAK4_P61759_x1",4,0.67,76.74,0.5786,0.4009,0.248,47,44,"IRAK4_P61759_x1_x2_model_4",1,2,"IRAK4","IRAK4_P61759_x1_2",1
"IRAK4_P61759_x1",5,1.03,76.19,0.5648,0.3833,0.2361,44,40,"IRAK4_P61759_x1_x2_model_5",1,2,"IRAK4","IRAK4_P61759_x1_2",3
"IRAK4_P70191_x1",1,1.78,69.9,0.2692,0.3499,0.073,69,86,"IRAK4_P70191_x1_x2_model_1",1,2,"IRAK4","IRAK4_P70191_x1_2",1
"IRAK4_P70191_x1",2,1.72,72.63,0.234,0.3482,0.0479,65,92,"IRAK4_P70191_x1_x2_model_2",1,2,"IRAK4","IRAK4_P70191_x1_2",4
"IRAK4_P70191_x1",3,2.86,69.87,0.2562,0.2775,0.0539,63,60,"IRAK4_P70191_x1_x2_model_3",1,2,"IRAK4","IRAK4_P70191_x1_2",2
"IRAK4_P70191_x1",4,2.07,70.12,0.2061,0.3569,0.0398,78,116,"IRAK4_P70191_x1_x2_model_4",1,2,"IRAK4","IRAK4_P70191_x1_2",5
"IRAK4_P70191_x1",5,3.22,70.86,0.2426,0.3781,0.0482,67,102,"IRAK4_P70191_x1_x2_model_5",1,2,"IRAK4","IRAK4_P70191_x1_2",3
"IRAK4_P84102_x1",1,0.83,74.45,0.3883,0.3532,0.1386,68,80,"IRAK4_P84102_x1_x2_model_1",1,2,"IRAK4","IRAK4_P84102_x1_2",4
"IRAK4_P84102_x1",2,0.7,75.75,0.391,0.389,0.1092,41,41,"IRAK4_P84102_x1_x2_model_2",1,2,"IRAK4","IRAK4_P84102_x1_2",3
"IRAK4_P84102_x1",3,1.21,74.1,0.3533,0.4468,0.073,55,61,"IRAK4_P84102_x1_x2_model_3",1,2,"IRAK4","IRAK4_P84102_x1_2",9
"IRAK4_P84102_x1",4,1.02,74.5,0.393,0.4197,0.0704,53,65,"IRAK4_P84102_x1_x2_model_4",1,2,"IRAK4","IRAK4_P84102_x1_2",2
"IRAK4_P84102_x1",5,1.52,72.93,0.3457,0.3933,0.0647,62,69,"IRAK4_P84102_x1_x2_model_5",1,2,"IRAK4","IRAK4_P84102_x1_2",10
"IRAK4_P99029_x1",1,2.35,75.28,0.2658,0.407,0.0359,52,64,"IRAK4_P99029_x1_x2_model_1",1,2,"IRAK4","IRAK4_P99029_x1_2",4
"IRAK4_P99029_x1",2,1.45,76.57,0.2842,0.3786,0.0283,47,49,"IRAK4_P99029_x1_x2_model_2",1,2,"IRAK4","IRAK4_P99029_x1_2",1
"IRAK4_P99029_x1",3,1.99,73.94,0.2704,0.2887,0.0155,32,36,"IRAK4_P99029_x1_x2_model_3",1,2,"IRAK4","IRAK4_P99029_x1_2",3
"IRAK4_P99029_x1",4,1.46,74.1,0.2744,0.3741,0.0201,38,39,"IRAK4_P99029_x1_x2_model_4",1,2,"IRAK4","IRAK4_P99029_x1_2",2
"IRAK4_P99029_x1",5,2.7,74.23,0.2523,0.193,0.0065,27,28,"IRAK4_P99029_x1_x2_model_5",1,2,"IRAK4","IRAK4_P99029_x1_2",5
"IRAK4_Q02614_x1",1,1.95,59.56,0.2641,0.3872,0.1148,88,92,"IRAK4_Q02614_x1_x2_model_1",1,2,"IRAK4","IRAK4_Q02614_x1_2",3
"IRAK4_Q02614_x1",2,3.3,61.15,0.1951,0.2768,0.0065,31,29,"IRAK4_Q02614_x1_x2_model_2",1,2,"IRAK4","IRAK4_Q02614_x1_2",8
"IRAK4_Q02614_x1",3,2.37,61.63,0.191,0.1999,0.0055,28,31,"IRAK4_Q02614_x1_x2_model_3",1,2,"IRAK4","IRAK4_Q02614_x1_2",9
"IRAK4_Q02614_x1",4,4.21,60.47,0.1909,0.1946,0.0083,30,29,"IRAK4_Q02614_x1_x2_model_4",1,2,"IRAK4","IRAK4_Q02614_x1_2",10
"IRAK4_Q02614_x1",5,1.85,62.09,0.196,0.0253,5e-04,14,9,"IRAK4_Q02614_x1_x2_model_5",2,2,"IRAK4","IRAK4_Q02614_x1_2",7
"IRAK4_Q3TIX9_x1",1,2.48,73.73,0.2349,0.3386,0.0335,75,87,"IRAK4_Q3TIX9_x1_x2_model_1",1,2,"IRAK4","IRAK4_Q3TIX9_x1_2",2
"IRAK4_Q3TIX9_x1",2,2.31,75.07,0.233,0.4147,0.0249,66,112,"IRAK4_Q3TIX9_x1_x2_model_2",1,2,"IRAK4","IRAK4_Q3TIX9_x1_2",3
"IRAK4_Q3TIX9_x1",3,3.66,74.41,0.2388,0.3197,0.0225,56,62,"IRAK4_Q3TIX9_x1_x2_model_3",1,2,"IRAK4","IRAK4_Q3TIX9_x1_2",1
"IRAK4_Q3TIX9_x1",4,2.86,73.57,0.2327,0.3271,0.0267,75,104,"IRAK4_Q3TIX9_x1_x2_model_4",1,2,"IRAK4","IRAK4_Q3TIX9_x1_2",4
"IRAK4_Q3TIX9_x1",5,2.32,74.92,0.2211,0.3353,0.0135,46,54,"IRAK4_Q3TIX9_x1_x2_model_5",1,2,"IRAK4","IRAK4_Q3TIX9_x1_2",5
"IRAK4_Q3TW96_x1",1,0.74,81.75,0.63,0.352,0.2395,88,105,"IRAK4_Q3TW96_x1_x2_model_1",1,2,"IRAK4","IRAK4_Q3TW96_x1_2",1
"IRAK4_Q3TW96_x1",2,0.56,80.36,0.2517,0.283,0.0376,82,101,"IRAK4_Q3TW96_x1_x2_model_2",1,2,"IRAK4","IRAK4_Q3TW96_x1_2",3
"IRAK4_Q3TW96_x1",3,0.79,81.71,0.2569,0.3267,0.0338,89,155,"IRAK4_Q3TW96_x1_x2_model_3",1,2,"IRAK4","IRAK4_Q3TW96_x1_2",2
"IRAK4_Q3TW96_x1",4,1.54,79.64,0.2355,0.3559,0.0251,72,80,"IRAK4_Q3TW96_x1_x2_model_4",1,2,"IRAK4","IRAK4_Q3TW96_x1_2",4
"IRAK4_Q3TW96_x1",5,1.07,80.61,0.2293,0.2669,0.0219,77,93,"IRAK4_Q3TW96_x1_x2_model_5",1,2,"IRAK4","IRAK4_Q3TW96_x1_2",5
"IRAK4_Q3UB74_x1",1,2.45,62.53,0.2545,0.4508,0.1071,80,128,"IRAK4_Q3UB74_x1_x2_model_1",1,2,"IRAK4","IRAK4_Q3UB74_x1_2",2
"IRAK4_Q3UB74_x1",2,1.61,63.7,0.2425,0.3996,0.1012,104,176,"IRAK4_Q3UB74_x1_x2_model_2",1,2,"IRAK4","IRAK4_Q3UB74_x1_2",5
"IRAK4_Q3UB74_x1",3,2.09,62.65,0.2499,0.2626,0.0738,91,107,"IRAK4_Q3UB74_x1_x2_model_3",1,2,"IRAK4","IRAK4_Q3UB74_x1_2",3
"IRAK4_Q3UB74_x1",4,8.43,60.66,0.2353,0.4588,0.0648,109,172,"IRAK4_Q3UB74_x1_x2_model_4",1,2,"IRAK4","IRAK4_Q3UB74_x1_2",6
"IRAK4_Q3UB74_x1",5,3.27,62.13,0.2225,0.427,0.0715,108,182,"IRAK4_Q3UB74_x1_x2_model_5",1,2,"IRAK4","IRAK4_Q3UB74_x1_2",9
"IRAK4_Q3UHX2_x1",1,1.28,64.97,0.29,0.4631,0.1192,82,99,"IRAK4_Q3UHX2_x1_x2_model_1",1,2,"IRAK4","IRAK4_Q3UHX2_x1_2",4
"IRAK4_Q3UHX2_x1",2,1.64,65.9,0.2798,0.4469,0.1038,74,92,"IRAK4_Q3UHX2_x1_x2_model_2",1,2,"IRAK4","IRAK4_Q3UHX2_x1_2",7
"IRAK4_Q3UHX2_x1",3,2.48,64.82,0.2921,0.4297,0.1091,85,104,"IRAK4_Q3UHX2_x1_x2_model_3",1,2,"IRAK4","IRAK4_Q3UHX2_x1_2",3
"IRAK4_Q3UHX2_x1",4,5.65,64.35,0.2887,0.42,0.117,99,121,"IRAK4_Q3UHX2_x1_x2_model_4",1,2,"IRAK4","IRAK4_Q3UHX2_x1_2",5
"IRAK4_Q3UHX2_x1",5,1.48,64.04,0.3178,0.4491,0.1556,80,95,"IRAK4_Q3UHX2_x1_x2_model_5",1,2,"IRAK4","IRAK4_Q3UHX2_x1_2",1
"IRAK4_Q499X9_x1",1,2.18,79.28,0.2367,0.3531,0.0315,75,129,"IRAK4_Q499X9_x1_x2_model_1",1,2,"IRAK4","IRAK4_Q499X9_x1_2",5
"IRAK4_Q499X9_x1",2,1.66,79.92,0.2412,0.3539,0.0286,56,76,"IRAK4_Q499X9_x1_x2_model_2",1,2,"IRAK4","IRAK4_Q499X9_x1_2",4
"IRAK4_Q499X9_x1",3,1.44,80.17,0.2431,0.3027,0.0102,44,41,"IRAK4_Q499X9_x1_x2_model_3",1,2,"IRAK4","IRAK4_Q499X9_x1_2",3
"IRAK4_Q499X9_x1",4,1.57,81.32,0.7349,0.4247,0.3345,65,62,"IRAK4_Q499X9_x1_x2_model_4",1,2,"IRAK4","IRAK4_Q499X9_x1_2",1
"IRAK4_Q499X9_x1",5,1.29,79.67,0.2466,0.2383,0.0203,60,58,"IRAK4_Q499X9_x1_x2_model_5",1,2,"IRAK4","IRAK4_Q499X9_x1_2",2
"IRAK4_Q52KE7_x1",1,3.63,62.59,0.2205,0.3563,0.0262,39,45,"IRAK4_Q52KE7_x1_x2_model_1",1,2,"IRAK4","IRAK4_Q52KE7_x1_2",4
"IRAK4_Q52KE7_x1",2,3.4,63.04,0.2746,0.3299,0.0893,54,51,"IRAK4_Q52KE7_x1_x2_model_2",1,2,"IRAK4","IRAK4_Q52KE7_x1_2",3
"IRAK4_Q52KE7_x1",3,2.31,62.9,0.3654,0.3578,0.1833,76,75,"IRAK4_Q52KE7_x1_x2_model_3",1,2,"IRAK4","IRAK4_Q52KE7_x1_2",2
"IRAK4_Q52KE7_x1",4,4.14,63.47,0.4167,0.4178,0.237,76,81,"IRAK4_Q52KE7_x1_x2_model_4",1,2,"IRAK4","IRAK4_Q52KE7_x1_2",1
"IRAK4_Q52KE7_x1",5,5.16,63.22,0.2175,0.2825,0.0111,30,32,"IRAK4_Q52KE7_x1_x2_model_5",1,2,"IRAK4","IRAK4_Q52KE7_x1_2",5
"IRAK4_Q56A08_x1",1,2.22,58.39,0.2108,0.329,0.0394,63,77,"IRAK4_Q56A08_x1_x2_model_1",1,2,"IRAK4","IRAK4_Q56A08_x1_2",4
"IRAK4_Q56A08_x1",2,1.51,60.73,0.2048,0.3739,0.0323,76,119,"IRAK4_Q56A08_x1_x2_model_2",1,2,"IRAK4","IRAK4_Q56A08_x1_2",5
"IRAK4_Q56A08_x1",3,2.38,59.68,0.1948,0.2911,0.0247,59,64,"IRAK4_Q56A08_x1_x2_model_3",1,2,"IRAK4","IRAK4_Q56A08_x1_2",9
"IRAK4_Q56A08_x1",4,5.15,58.38,0.1988,0.3194,0.0306,68,104,"IRAK4_Q56A08_x1_x2_model_4",1,2,"IRAK4","IRAK4_Q56A08_x1_2",7
"IRAK4_Q56A08_x1",5,2.73,58.83,0.1871,0.3341,0.0182,55,97,"IRAK4_Q56A08_x1_x2_model_5",1,2,"IRAK4","IRAK4_Q56A08_x1_2",10
"IRAK4_Q5DTM8_x1",1,6.9,59.02,0.3177,0.2226,0.0397,28,25,"IRAK4_Q5DTM8_x1_x2_model_1",1,2,"IRAK4","IRAK4_Q5DTM8_x1_2",2
"IRAK4_Q5DTM8_x1",2,10.09,58.28,0.2202,0.2651,0.0175,35,37,"IRAK4_Q5DTM8_x1_x2_model_2",1,2,"IRAK4","IRAK4_Q5DTM8_x1_2",5
"IRAK4_Q5DTM8_x1",3,6.76,61.41,0.3015,0.3738,0.1142,71,81,"IRAK4_Q5DTM8_x1_x2_model_3",1,2,"IRAK4","IRAK4_Q5DTM8_x1_2",3
"IRAK4_Q5DTM8_x1",4,9.1,52.85,0.2869,0.3549,0.079,59,75,"IRAK4_Q5DTM8_x1_x2_model_4",1,2,"IRAK4","IRAK4_Q5DTM8_x1_2",4
"IRAK4_Q5DTM8_x1",5,7.8,59.74,0.3832,0.3734,0.1372,41,35,"IRAK4_Q5DTM8_x1_x2_model_5",1,2,"IRAK4","IRAK4_Q5DTM8_x1_2",1
"IRAK4_Q5HZG4_x1",1,2.57,44.21,0.2483,0.3583,0.0634,81,93,"IRAK4_Q5HZG4_x1_x2_model_1",1,2,"IRAK4","IRAK4_Q5HZG4_x1_2",3
"IRAK4_Q5HZG4_x1",2,5.83,46.68,0.487,0.4582,0.3409,55,71,"IRAK4_Q5HZG4_x1_x2_model_2",1,2,"IRAK4","IRAK4_Q5HZG4_x1_2",1
"IRAK4_Q5HZG4_x1",3,2.82,43.94,0.234,0.2908,0.046,64,92,"IRAK4_Q5HZG4_x1_x2_model_3",1,2,"IRAK4","IRAK4_Q5HZG4_x1_2",6
"IRAK4_Q5HZG4_x1",4,4.5,42.6,0.4101,0.3419,0.1763,99,126,"IRAK4_Q5HZG4_x1_x2_model_4",1,2,"IRAK4","IRAK4_Q5HZG4_x1_2",2
"IRAK4_Q5HZG4_x1",5,9.73,44.37,0.2248,0.3358,0.0528,72,105,"IRAK4_Q5HZG4_x1_x2_model_5",1,2,"IRAK4","IRAK4_Q5HZG4_x1_2",9
"IRAK4_Q60872_x1",1,1.91,72.72,0.2997,0.3747,0.0627,68,73,"IRAK4_Q60872_x1_x2_model_1",1,2,"IRAK4","IRAK4_Q60872_x1_2",1
"IRAK4_Q60872_x1",2,1.76,72.82,0.2803,0.4341,0.0421,49,71,"IRAK4_Q60872_x1_x2_model_2",1,2,"IRAK4","IRAK4_Q60872_x1_2",3
"IRAK4_Q60872_x1",3,1.04,73.07,0.269,0.2933,0.0271,42,47,"IRAK4_Q60872_x1_x2_model_3",1,2,"IRAK4","IRAK4_Q60872_x1_2",4
"IRAK4_Q60872_x1",4,1.36,72.57,0.2953,0.3064,0.038,45,45,"IRAK4_Q60872_x1_x2_model_4",1,2,"IRAK4","IRAK4_Q60872_x1_2",2
"IRAK4_Q60872_x1",5,1.84,72.23,0.2684,0.2913,0.0374,58,59,"IRAK4_Q60872_x1_x2_model_5",1,2,"IRAK4","IRAK4_Q60872_x1_2",5
"IRAK4_Q61048_x1",1,3.09,56.75,0.2651,0.4449,0.1222,134,193,"IRAK4_Q61048_x1_x2_model_1",1,2,"IRAK4","IRAK4_Q61048_x1_2",1
"IRAK4_Q61048_x1",2,2.4,59.34,0.2071,0.4429,0.0542,66,83,"IRAK4_Q61048_x1_x2_model_2",1,2,"IRAK4","IRAK4_Q61048_x1_2",6
"IRAK4_Q61048_x1",3,2.68,57.48,0.2025,0.2511,0.0328,51,47,"IRAK4_Q61048_x1_x2_model_3",1,2,"IRAK4","IRAK4_Q61048_x1_2",10
"IRAK4_Q61048_x1",4,3.36,55.26,0.2098,0.2895,0.0604,99,106,"IRAK4_Q61048_x1_x2_model_4",1,2,"IRAK4","IRAK4_Q61048_x1_2",5
"IRAK4_Q61048_x1",5,2.5,57.86,0.2034,0.1945,0.0215,47,47,"IRAK4_Q61048_x1_x2_model_5",1,2,"IRAK4","IRAK4_Q61048_x1_2",9
"IRAK4_Q61102_x1",1,1.26,72.58,0.2244,0.0835,0.0015,23,19,"IRAK4_Q61102_x1_x2_model_1",1,2,"IRAK4","IRAK4_Q61102_x1_2",3
"IRAK4_Q61102_x1",2,1.56,72.25,0.215,0.0193,2e-04,12,6,"IRAK4_Q61102_x1_x2_model_2",2,2,"IRAK4","IRAK4_Q61102_x1_2",5
"IRAK4_Q61102_x1",3,1.66,71.29,0.2337,0.207,0.0113,46,70,"IRAK4_Q61102_x1_x2_model_3",1,2,"IRAK4","IRAK4_Q61102_x1_2",2
"IRAK4_Q61102_x1",4,1.28,70.05,0.2477,0.241,0.0279,39,33,"IRAK4_Q61102_x1_x2_model_4",1,2,"IRAK4","IRAK4_Q61102_x1_2",1
"IRAK4_Q61102_x1",5,1.51,70.52,0.2223,0.1431,0.0042,30,35,"IRAK4_Q61102_x1_x2_model_5",1,2,"IRAK4","IRAK4_Q61102_x1_2",4
"IRAK4_Q61599_x1",1,1.48,71.16,0.2286,0.3008,0.0342,72,101,"IRAK4_Q61599_x1_x2_model_1",1,2,"IRAK4","IRAK4_Q61599_x1_2",6
"IRAK4_Q61599_x1",2,1.93,73.49,0.2336,0.4084,0.0315,59,73,"IRAK4_Q61599_x1_x2_model_2",1,2,"IRAK4","IRAK4_Q61599_x1_2",5
"IRAK4_Q61599_x1",3,0.84,72.49,0.2362,0.4183,0.0339,73,83,"IRAK4_Q61599_x1_x2_model_3",1,2,"IRAK4","IRAK4_Q61599_x1_2",3
"IRAK4_Q61599_x1",4,4.72,71.95,0.2393,0.3143,0.0309,59,74,"IRAK4_Q61599_x1_x2_model_4",1,2,"IRAK4","IRAK4_Q61599_x1_2",1.5
"IRAK4_Q61599_x1",5,2.04,72.45,0.2264,0.3617,0.0256,61,74,"IRAK4_Q61599_x1_x2_model_5",1,2,"IRAK4","IRAK4_Q61599_x1_2",7
"IRAK4_Q61749_x1",1,3.03,69.58,0.2566,0.3061,0.0624,86,91,"IRAK4_Q61749_x1_x2_model_1",1,2,"IRAK4","IRAK4_Q61749_x1_2",2
"IRAK4_Q61749_x1",2,1.18,71.15,0.2652,0.3339,0.0543,74,75,"IRAK4_Q61749_x1_x2_model_2",1,2,"IRAK4","IRAK4_Q61749_x1_2",1
"IRAK4_Q61749_x1",3,2.03,69.96,0.2435,0.3501,0.0433,90,150,"IRAK4_Q61749_x1_x2_model_3",1,2,"IRAK4","IRAK4_Q61749_x1_2",3
"IRAK4_Q61749_x1",4,2.25,68.05,0.2183,0.32,0.0432,105,175,"IRAK4_Q61749_x1_x2_model_4",1,2,"IRAK4","IRAK4_Q61749_x1_2",5
"IRAK4_Q61749_x1",5,3.8,69.33,0.2239,0.3352,0.0416,86,129,"IRAK4_Q61749_x1_x2_model_5",1,2,"IRAK4","IRAK4_Q61749_x1_2",4
"IRAK4_Q62209_x1",1,5.45,54.24,0.2146,0.2097,0.0099,31,44,"IRAK4_Q62209_x1_x2_model_1",1,2,"IRAK4","IRAK4_Q62209_x1_2",8
"IRAK4_Q62209_x1",2,18.68,54.89,0.1823,0.0028,0,4,2,"IRAK4_Q62209_x1_x2_model_2",2,2,"IRAK4","IRAK4_Q62209_x1_2",10
"IRAK4_Q62209_x1",3,17.04,57.31,0.5219,0.3984,0.2862,55,49,"IRAK4_Q62209_x1_x2_model_3",1,2,"IRAK4","IRAK4_Q62209_x1_2",1
"IRAK4_Q62209_x1",4,9.72,48.93,0.2465,0.3142,0.0437,50,48,"IRAK4_Q62209_x1_x2_model_4",1,2,"IRAK4","IRAK4_Q62209_x1_2",4
"IRAK4_Q62209_x1",5,4.83,57.62,0.3413,0.3312,0.1095,46,41,"IRAK4_Q62209_x1_x2_model_5",1,2,"IRAK4","IRAK4_Q62209_x1_2",2
"IRAK4_Q62406_x1",1,2.02,66.21,0.6186,0.5471,0.5015,108,124,"IRAK4_Q62406_x1_x2_model_1",1,2,"IRAK4","IRAK4_Q62406_x1_2",1
"IRAK4_Q62406_x1",2,1.36,65.54,0.5974,0.5179,0.4679,116,139,"IRAK4_Q62406_x1_x2_model_2",1,2,"IRAK4","IRAK4_Q62406_x1_2",4
"IRAK4_Q62406_x1",3,1.89,64.25,0.6041,0.5544,0.4943,104,117,"IRAK4_Q62406_x1_x2_model_3",1,2,"IRAK4","IRAK4_Q62406_x1_2",2
"IRAK4_Q62406_x1",4,7.52,62.74,0.5753,0.5408,0.4523,88,89,"IRAK4_Q62406_x1_x2_model_4",1,2,"IRAK4","IRAK4_Q62406_x1_2",5
"IRAK4_Q62406_x1",5,6.59,64.53,0.5996,0.5161,0.4389,104,132,"IRAK4_Q62406_x1_x2_model_5",1,2,"IRAK4","IRAK4_Q62406_x1_2",3
"IRAK4_Q64152_x1",1,1.88,64.11,0.2739,0.3291,0.0947,60,74,"IRAK4_Q64152_x1_x2_model_1",1,2,"IRAK4","IRAK4_Q64152_x1_2",4
"IRAK4_Q64152_x1",2,7.17,67.51,0.3957,0.3105,0.1327,36,35,"IRAK4_Q64152_x1_x2_model_2",1,2,"IRAK4","IRAK4_Q64152_x1_2",1
"IRAK4_Q64152_x1",3,1.82,64.19,0.2276,0.3201,0.0596,71,97,"IRAK4_Q64152_x1_x2_model_3",1,2,"IRAK4","IRAK4_Q64152_x1_2",10
"IRAK4_Q64152_x1",4,1.98,63.07,0.2439,0.3042,0.0715,68,85,"IRAK4_Q64152_x1_x2_model_4",1,2,"IRAK4","IRAK4_Q64152_x1_2",5
"IRAK4_Q64152_x1",5,3.34,62.93,0.2331,0.3104,0.0202,33,38,"IRAK4_Q64152_x1_x2_model_5",1,2,"IRAK4","IRAK4_Q64152_x1_2",8
"IRAK4_Q6NZB0_x1",1,4.71,74.09,0.325,0.4045,0.1314,56,56,"IRAK4_Q6NZB0_x1_x2_model_1",1,2,"IRAK4","IRAK4_Q6NZB0_x1_2",2
"IRAK4_Q6NZB0_x1",2,3.83,74.19,0.332,0.4126,0.153,50,55,"IRAK4_Q6NZB0_x1_x2_model_2",1,2,"IRAK4","IRAK4_Q6NZB0_x1_2",1
"IRAK4_Q6NZB0_x1",3,1.7,72.93,0.2736,0.3922,0.0629,56,68,"IRAK4_Q6NZB0_x1_x2_model_3",1,2,"IRAK4","IRAK4_Q6NZB0_x1_2",4
"IRAK4_Q6NZB0_x1",4,1.93,72.01,0.273,0.4004,0.0771,53,60,"IRAK4_Q6NZB0_x1_x2_model_4",1,2,"IRAK4","IRAK4_Q6NZB0_x1_2",5
"IRAK4_Q6NZB0_x1",5,2.29,72.43,0.2974,0.3899,0.0935,53,62,"IRAK4_Q6NZB0_x1_x2_model_5",1,2,"IRAK4","IRAK4_Q6NZB0_x1_2",3
"IRAK4_Q7JJ13_x1",1,3.61,52.01,0.2311,0.3455,0.0622,112,166,"IRAK4_Q7JJ13_x1_x2_model_1",1,2,"IRAK4","IRAK4_Q7JJ13_x1_2",1
"IRAK4_Q7JJ13_x1",2,2.21,54.95,0.2271,0.3776,0.0555,97,156,"IRAK4_Q7JJ13_x1_x2_model_2",1,2,"IRAK4","IRAK4_Q7JJ13_x1_2",2
"IRAK4_Q7JJ13_x1",3,5.92,53.65,0.2141,0.2028,0.0272,76,75,"IRAK4_Q7JJ13_x1_x2_model_3",1,2,"IRAK4","IRAK4_Q7JJ13_x1_2",5
"IRAK4_Q7JJ13_x1",4,5.77,52.43,0.2167,0.221,0.0394,116,157,"IRAK4_Q7JJ13_x1_x2_model_4",1,2,"IRAK4","IRAK4_Q7JJ13_x1_2",4
"IRAK4_Q7JJ13_x1",5,3.27,54.04,0.2237,0.2473,0.0416,95,119,"IRAK4_Q7JJ13_x1_x2_model_5",1,2,"IRAK4","IRAK4_Q7JJ13_x1_2",3
"IRAK4_Q7TQK0_x1",1,5.78,53.33,0.2532,0.3787,0.1021,163,264,"IRAK4_Q7TQK0_x1_x2_model_1",1,2,"IRAK4","IRAK4_Q7TQK0_x1_2",2
"IRAK4_Q7TQK0_x1",2,4.06,55.06,0.2467,0.3732,0.0915,163,259,"IRAK4_Q7TQK0_x1_x2_model_2",1,2,"IRAK4","IRAK4_Q7TQK0_x1_2",3
"IRAK4_Q7TQK0_x1",3,2.37,53.67,0.2249,0.3143,0.0377,68,69,"IRAK4_Q7TQK0_x1_x2_model_3",1,2,"IRAK4","IRAK4_Q7TQK0_x1_2",4
"IRAK4_Q7TQK0_x1",4,10.53,52.97,0.212,0.3784,0.054,124,233,"IRAK4_Q7TQK0_x1_x2_model_4",1,2,"IRAK4","IRAK4_Q7TQK0_x1_2",5
"IRAK4_Q7TQK0_x1",5,5.16,53.85,0.2842,0.3346,0.0831,59,86,"IRAK4_Q7TQK0_x1_x2_model_5",1,2,"IRAK4","IRAK4_Q7TQK0_x1_2",1
"IRAK4_Q80T85_x1",1,10.03,53.92,0.3049,0.2633,0.0973,187,231,"IRAK4_Q80T85_x1_x2_model_1",1,2,"IRAK4","IRAK4_Q80T85_x1_2",2
"IRAK4_Q80T85_x1",2,4.56,54.76,0.2224,0.4111,0.0572,136,221,"IRAK4_Q80T85_x1_x2_model_2",1,2,"IRAK4","IRAK4_Q80T85_x1_2",5
"IRAK4_Q80T85_x1",3,5.87,54.47,0.252,0.2632,0.0497,94,113,"IRAK4_Q80T85_x1_x2_model_3",1,2,"IRAK4","IRAK4_Q80T85_x1_2",3
"IRAK4_Q80T85_x1",4,4.03,53.15,0.2294,0.3093,0.04,102,166,"IRAK4_Q80T85_x1_x2_model_4",1,2,"IRAK4","IRAK4_Q80T85_x1_2",4
"IRAK4_Q80T85_x1",5,5.89,54.8,0.4157,0.2536,0.1758,106,125,"IRAK4_Q80T85_x1_x2_model_5",1,2,"IRAK4","IRAK4_Q80T85_x1_2",1
"IRAK4_Q80YU0_x1",1,1.05,73.89,0.2552,0.2684,0.0555,89,94,"IRAK4_Q80YU0_x1_x2_model_1",1,2,"IRAK4","IRAK4_Q80YU0_x1_2",5
"IRAK4_Q80YU0_x1",2,3.7,73.55,0.2644,0.3162,0.0655,108,133,"IRAK4_Q80YU0_x1_x2_model_2",1,2,"IRAK4","IRAK4_Q80YU0_x1_2",4
"IRAK4_Q80YU0_x1",3,14.05,73.13,0.2401,0.2997,0.047,148,251,"IRAK4_Q80YU0_x1_x2_model_3",1,2,"IRAK4","IRAK4_Q80YU0_x1_2",8
"IRAK4_Q80YU0_x1",4,7.5,72.2,0.2349,0.2347,0.0377,99,122,"IRAK4_Q80YU0_x1_x2_model_4",1,2,"IRAK4","IRAK4_Q80YU0_x1_2",9
"IRAK4_Q80YU0_x1",5,2.04,73.24,0.2342,0.2756,0.0338,101,137,"IRAK4_Q80YU0_x1_x2_model_5",1,2,"IRAK4","IRAK4_Q80YU0_x1_2",10
"IRAK4_Q8BG17_x1",1,2.24,62.05,0.2734,0.4347,0.1233,85,138,"IRAK4_Q8BG17_x1_x2_model_1",1,2,"IRAK4","IRAK4_Q8BG17_x1_2",3
"IRAK4_Q8BG17_x1",2,5.22,64.3,0.2549,0.4539,0.0985,89,115,"IRAK4_Q8BG17_x1_x2_model_2",1,2,"IRAK4","IRAK4_Q8BG17_x1_2",10
"IRAK4_Q8BG17_x1",3,1.93,63.24,0.2607,0.3151,0.0911,110,121,"IRAK4_Q8BG17_x1_x2_model_3",1,2,"IRAK4","IRAK4_Q8BG17_x1_2",8
"IRAK4_Q8BG17_x1",4,3.45,61.73,0.2552,0.3367,0.0771,62,70,"IRAK4_Q8BG17_x1_x2_model_4",1,2,"IRAK4","IRAK4_Q8BG17_x1_2",9
"IRAK4_Q8BG17_x1",5,4.25,62.41,0.2654,0.4081,0.0677,50,56,"IRAK4_Q8BG17_x1_x2_model_5",1,2,"IRAK4","IRAK4_Q8BG17_x1_2",7
"IRAK4_Q8BIJ6_x1",1,2.26,79.83,0.2888,0.354,0.0249,65,100,"IRAK4_Q8BIJ6_x1_x2_model_1",1,2,"IRAK4","IRAK4_Q8BIJ6_x1_2",1
"IRAK4_Q8BIJ6_x1",2,1.91,79.59,0.2735,0.5091,0.0444,173,506,"IRAK4_Q8BIJ6_x1_x2_model_2",1,2,"IRAK4","IRAK4_Q8BIJ6_x1_2",5
"IRAK4_Q8BIJ6_x1",3,6.64,79.91,0.2787,0.4056,0.0203,65,87,"IRAK4_Q8BIJ6_x1_x2_model_3",1,2,"IRAK4","IRAK4_Q8BIJ6_x1_2",2
"IRAK4_Q8BIJ6_x1",4,3.1,79.18,0.2743,0.3046,0.0208,62,109,"IRAK4_Q8BIJ6_x1_x2_model_4",1,2,"IRAK4","IRAK4_Q8BIJ6_x1_2",4
"IRAK4_Q8BIJ6_x1",5,2.21,79.66,0.2761,0.3697,0.0115,43,42,"IRAK4_Q8BIJ6_x1_x2_model_5",1,2,"IRAK4","IRAK4_Q8BIJ6_x1_2",3
"IRAK4_Q8BU14_x1",1,1.49,64.35,0.2551,0.2671,0.0674,60,71,"IRAK4_Q8BU14_x1_x2_model_1",1,2,"IRAK4","IRAK4_Q8BU14_x1_2",4
"IRAK4_Q8BU14_x1",2,1.8,64.49,0.2404,0.3697,0.0703,71,83,"IRAK4_Q8BU14_x1_x2_model_2",1,2,"IRAK4","IRAK4_Q8BU14_x1_2",6
"IRAK4_Q8BU14_x1",3,1.86,64.42,0.2912,0.3395,0.121,98,121,"IRAK4_Q8BU14_x1_x2_model_3",1,2,"IRAK4","IRAK4_Q8BU14_x1_2",1
"IRAK4_Q8BU14_x1",4,2.82,62.19,0.1958,0.2738,0.0098,36,36,"IRAK4_Q8BU14_x1_x2_model_4",1,2,"IRAK4","IRAK4_Q8BU14_x1_2",9
"IRAK4_Q8BU14_x1",5,2.52,64.16,0.2687,0.2702,0.0923,86,103,"IRAK4_Q8BU14_x1_x2_model_5",1,2,"IRAK4","IRAK4_Q8BU14_x1_2",3
"IRAK4_Q8BZX4_x1",1,3.22,53.81,0.2307,0.2819,0.0397,58,62,"IRAK4_Q8BZX4_x1_x2_model_1",1,2,"IRAK4","IRAK4_Q8BZX4_x1_2",2
"IRAK4_Q8BZX4_x1",2,4.23,55.84,0.2387,0.3814,0.0687,87,105,"IRAK4_Q8BZX4_x1_x2_model_2",1,2,"IRAK4","IRAK4_Q8BZX4_x1_2",1
"IRAK4_Q8BZX4_x1",3,4.79,53.05,0.202,0.286,0.0249,58,66,"IRAK4_Q8BZX4_x1_x2_model_3",1,2,"IRAK4","IRAK4_Q8BZX4_x1_2",5
"IRAK4_Q8BZX4_x1",4,2.67,51.22,0.2177,0.3057,0.0331,65,91,"IRAK4_Q8BZX4_x1_x2_model_4",1,2,"IRAK4","IRAK4_Q8BZX4_x1_2",3
"IRAK4_Q8BZX4_x1",5,8.97,54.24,0.2029,0.2047,0.0151,41,36,"IRAK4_Q8BZX4_x1_x2_model_5",1,2,"IRAK4","IRAK4_Q8BZX4_x1_2",4
"IRAK4_Q8C1S0_x1",1,1.53,60.79,0.2212,0.2944,0.0595,84,114,"IRAK4_Q8C1S0_x1_x2_model_1",1,2,"IRAK4","IRAK4_Q8C1S0_x1_2",4
"IRAK4_Q8C1S0_x1",2,1.82,62.67,0.2669,0.3432,0.0707,39,37,"IRAK4_Q8C1S0_x1_x2_model_2",1,2,"IRAK4","IRAK4_Q8C1S0_x1_2",1
"IRAK4_Q8C1S0_x1",3,1.12,61.75,0.2295,0.3244,0.0321,37,42,"IRAK4_Q8C1S0_x1_x2_model_3",1,2,"IRAK4","IRAK4_Q8C1S0_x1_2",3
"IRAK4_Q8C1S0_x1",4,2.49,60.8,0.2054,0.2515,0.0286,58,54,"IRAK4_Q8C1S0_x1_x2_model_4",1,2,"IRAK4","IRAK4_Q8C1S0_x1_2",9
"IRAK4_Q8C1S0_x1",5,4.64,61.18,0.2129,0.2695,0.0109,29,29,"IRAK4_Q8C1S0_x1_x2_model_5",1,2,"IRAK4","IRAK4_Q8C1S0_x1_2",6
"IRAK4_Q8C6C7_x1",1,2.26,60.25,0.2592,0.3618,0.1229,139,190,"IRAK4_Q8C6C7_x1_x2_model_1",1,2,"IRAK4","IRAK4_Q8C6C7_x1_2",2
"IRAK4_Q8C6C7_x1",2,1.62,61.89,0.2266,0.2515,0.0393,55,67,"IRAK4_Q8C6C7_x1_x2_model_2",1,2,"IRAK4","IRAK4_Q8C6C7_x1_2",7
"IRAK4_Q8C6C7_x1",3,1.36,62.68,0.2188,0.2731,0.0347,64,82,"IRAK4_Q8C6C7_x1_x2_model_3",1,2,"IRAK4","IRAK4_Q8C6C7_x1_2",9
"IRAK4_Q8C6C7_x1",4,1.63,59.48,0.251,0.3467,0.0576,76,99,"IRAK4_Q8C6C7_x1_x2_model_4",1,2,"IRAK4","IRAK4_Q8C6C7_x1_2",3
"IRAK4_Q8C6C7_x1",5,1.69,60.48,0.2167,0.2301,0.033,64,74,"IRAK4_Q8C6C7_x1_x2_model_5",1,2,"IRAK4","IRAK4_Q8C6C7_x1_2",10
"IRAK4_Q8CFA1_x1",1,2.48,64.4,0.5595,0.4126,0.3468,139,170,"IRAK4_Q8CFA1_x1_x2_model_1",1,2,"IRAK4","IRAK4_Q8CFA1_x1_2",1
"IRAK4_Q8CFA1_x1",2,1.66,65.07,0.5444,0.4212,0.3427,116,135,"IRAK4_Q8CFA1_x1_x2_model_2",1,2,"IRAK4","IRAK4_Q8CFA1_x1_2",3
"IRAK4_Q8CFA1_x1",3,2.86,63.61,0.521,0.4399,0.3234,101,111,"IRAK4_Q8CFA1_x1_x2_model_3",1,2,"IRAK4","IRAK4_Q8CFA1_x1_2",5
"IRAK4_Q8CFA1_x1",4,4.94,63.59,0.5474,0.4328,0.3502,120,132,"IRAK4_Q8CFA1_x1_x2_model_4",1,2,"IRAK4","IRAK4_Q8CFA1_x1_2",2
"IRAK4_Q8CFA1_x1",5,1.54,64.2,0.5324,0.3695,0.2929,120,139,"IRAK4_Q8CFA1_x1_x2_model_5",1,2,"IRAK4","IRAK4_Q8CFA1_x1_2",4
"IRAK4_Q8K194_x1",1,1.28,65.67,0.2923,0.5147,0.1216,98,118,"IRAK4_Q8K194_x1_x2_model_1",1,2,"IRAK4","IRAK4_Q8K194_x1_2",1
"IRAK4_Q8K194_x1",2,1.06,66.92,0.2722,0.4546,0.0966,97,121,"IRAK4_Q8K194_x1_x2_model_2",1,2,"IRAK4","IRAK4_Q8K194_x1_2",5
"IRAK4_Q8K194_x1",3,1.28,64.2,0.2629,0.4179,0.1024,126,146,"IRAK4_Q8K194_x1_x2_model_3",1,2,"IRAK4","IRAK4_Q8K194_x1_2",7
"IRAK4_Q8K194_x1",4,1.21,65.41,0.2864,0.4835,0.0928,78,108,"IRAK4_Q8K194_x1_x2_model_4",1,2,"IRAK4","IRAK4_Q8K194_x1_2",4
"IRAK4_Q8K194_x1",5,1.32,63.63,0.2523,0.4276,0.094,100,136,"IRAK4_Q8K194_x1_x2_model_5",1,2,"IRAK4","IRAK4_Q8K194_x1_2",9
"IRAK4_Q8K1E0_x1",1,1.51,61.99,0.2094,0.1923,0.0223,59,50,"IRAK4_Q8K1E0_x1_x2_model_1",1,2,"IRAK4","IRAK4_Q8K1E0_x1_2",4
"IRAK4_Q8K1E0_x1",2,1.07,64.68,0.4536,0.4386,0.3068,80,104,"IRAK4_Q8K1E0_x1_x2_model_2",1,2,"IRAK4","IRAK4_Q8K1E0_x1_2",1
"IRAK4_Q8K1E0_x1",3,1.98,63.15,0.225,0.2848,0.0518,74,75,"IRAK4_Q8K1E0_x1_x2_model_3",1,2,"IRAK4","IRAK4_Q8K1E0_x1_2",3
"IRAK4_Q8K1E0_x1",4,2.79,62.56,0.2403,0.3369,0.0504,83,92,"IRAK4_Q8K1E0_x1_x2_model_4",1,2,"IRAK4","IRAK4_Q8K1E0_x1_2",2
"IRAK4_Q8K1E0_x1",5,2.28,63.41,0.1982,0.2712,0.0103,36,37,"IRAK4_Q8K1E0_x1_x2_model_5",1,2,"IRAK4","IRAK4_Q8K1E0_x1_2",5
"IRAK4_Q8K1R7_x1",1,1.95,66.78,0.3127,0.3313,0.0699,100,147,"IRAK4_Q8K1R7_x1_x2_model_1",1,2,"IRAK4","IRAK4_Q8K1R7_x1_2",1
"IRAK4_Q8K1R7_x1",2,4.65,66.81,0.2354,0.4355,0.041,118,182,"IRAK4_Q8K1R7_x1_x2_model_2",1,2,"IRAK4","IRAK4_Q8K1R7_x1_2",5
"IRAK4_Q8K1R7_x1",3,3.54,66.76,0.2962,0.3721,0.0367,73,86,"IRAK4_Q8K1R7_x1_x2_model_3",1,2,"IRAK4","IRAK4_Q8K1R7_x1_2",3
"IRAK4_Q8K1R7_x1",4,4.21,65.1,0.2929,0.3995,0.0682,111,175,"IRAK4_Q8K1R7_x1_x2_model_4",1,2,"IRAK4","IRAK4_Q8K1R7_x1_2",4
"IRAK4_Q8K1R7_x1",5,2.43,67.03,0.3077,0.4178,0.0527,101,141,"IRAK4_Q8K1R7_x1_x2_model_5",1,2,"IRAK4","IRAK4_Q8K1R7_x1_2",2
"IRAK4_Q8R105_x1",1,3.63,60.08,0.1925,0.0014,0,2,1,"IRAK4_Q8R105_x1_x2_model_1",2,2,"IRAK4","IRAK4_Q8R105_x1_2",5
"IRAK4_Q8R105_x1",2,3.82,59.9,0.1812,0.0076,0,6,4,"IRAK4_Q8R105_x1_x2_model_2",2,2,"IRAK4","IRAK4_Q8R105_x1_2",10
"IRAK4_Q8R105_x1",3,3.45,62.37,0.1948,0.2672,0.0078,29,38,"IRAK4_Q8R105_x1_x2_model_3",1,2,"IRAK4","IRAK4_Q8R105_x1_2",4
"IRAK4_Q8R105_x1",4,8.02,61,0.1906,0,0,0,0,"IRAK4_Q8R105_x1_x2_model_4",2,2,"IRAK4","IRAK4_Q8R105_x1_2",7
"IRAK4_Q8R105_x1",5,2.78,62.09,0.1967,0.3153,0.0145,50,68,"IRAK4_Q8R105_x1_x2_model_5",1,2,"IRAK4","IRAK4_Q8R105_x1_2",3
"IRAK4_Q8R2M0_x1",1,1.55,74,0.2643,0.4068,0.0708,76,107,"IRAK4_Q8R2M0_x1_x2_model_1",1,2,"IRAK4","IRAK4_Q8R2M0_x1_2",7
"IRAK4_Q8R2M0_x1",2,0.69,76.28,0.2868,0.417,0.0731,63,66,"IRAK4_Q8R2M0_x1_x2_model_2",1,2,"IRAK4","IRAK4_Q8R2M0_x1_2",4
"IRAK4_Q8R2M0_x1",3,0.61,75.56,0.2765,0.3763,0.0682,73,93,"IRAK4_Q8R2M0_x1_x2_model_3",1,2,"IRAK4","IRAK4_Q8R2M0_x1_2",6
"IRAK4_Q8R2M0_x1",4,4.21,72.25,0.2551,0.3491,0.0521,81,112,"IRAK4_Q8R2M0_x1_x2_model_4",1,2,"IRAK4","IRAK4_Q8R2M0_x1_2",9
"IRAK4_Q8R2M0_x1",5,2.81,74.52,0.286,0.4238,0.0853,83,111,"IRAK4_Q8R2M0_x1_x2_model_5",1,2,"IRAK4","IRAK4_Q8R2M0_x1_2",5
"IRAK4_Q8R2N0_x1",1,1.18,62.11,0.2845,0.4756,0.1353,96,111,"IRAK4_Q8R2N0_x1_x2_model_1",1,2,"IRAK4","IRAK4_Q8R2N0_x1_2",2
"IRAK4_Q8R2N0_x1",2,1.25,63.37,0.2277,0.4476,0.0615,67,71,"IRAK4_Q8R2N0_x1_x2_model_2",1,2,"IRAK4","IRAK4_Q8R2N0_x1_2",7
"IRAK4_Q8R2N0_x1",3,2.21,62.53,0.2358,0.4385,0.0598,75,96,"IRAK4_Q8R2N0_x1_x2_model_3",1,2,"IRAK4","IRAK4_Q8R2N0_x1_2",6
"IRAK4_Q8R2N0_x1",4,2.87,61.84,0.2497,0.4457,0.0863,107,145,"IRAK4_Q8R2N0_x1_x2_model_4",1,2,"IRAK4","IRAK4_Q8R2N0_x1_2",4
"IRAK4_Q8R2N0_x1",5,3.87,61.23,0.2148,0.4168,0.0395,51,61,"IRAK4_Q8R2N0_x1_x2_model_5",1,2,"IRAK4","IRAK4_Q8R2N0_x1_2",9
"IRAK4_Q8VEH6_x1",1,1.86,67.65,0.2575,0.2396,0.052,81,88,"IRAK4_Q8VEH6_x1_x2_model_1",1,2,"IRAK4","IRAK4_Q8VEH6_x1_2",1
"IRAK4_Q8VEH6_x1",2,1.24,68.76,0.2352,0.2221,0.0398,76,95,"IRAK4_Q8VEH6_x1_x2_model_2",1,2,"IRAK4","IRAK4_Q8VEH6_x1_2",2
"IRAK4_Q8VEH6_x1",3,6.46,69.41,0.2141,0.3078,0.0507,114,230,"IRAK4_Q8VEH6_x1_x2_model_3",1,2,"IRAK4","IRAK4_Q8VEH6_x1_2",5
"IRAK4_Q8VEH6_x1",4,5.31,68.17,0.2292,0.2617,0.0504,111,232,"IRAK4_Q8VEH6_x1_x2_model_4",1,2,"IRAK4","IRAK4_Q8VEH6_x1_2",4
"IRAK4_Q8VEH6_x1",5,4.5,69.02,0.2293,0.2152,0.0331,69,81,"IRAK4_Q8VEH6_x1_x2_model_5",1,2,"IRAK4","IRAK4_Q8VEH6_x1_2",3
"IRAK4_Q91V64_x1",1,2.64,72.98,0.2388,0.3385,0.0474,102,137,"IRAK4_Q91V64_x1_x2_model_1",1,2,"IRAK4","IRAK4_Q91V64_x1_2",1
"IRAK4_Q91V64_x1",2,3.68,77.23,0.235,0.3562,0.0184,48,71,"IRAK4_Q91V64_x1_x2_model_2",1,2,"IRAK4","IRAK4_Q91V64_x1_2",2
"IRAK4_Q91V64_x1",3,0.51,77.96,0.2149,0.3285,0.0174,44,51,"IRAK4_Q91V64_x1_x2_model_3",1,2,"IRAK4","IRAK4_Q91V64_x1_2",4
"IRAK4_Q91V64_x1",4,3.15,76.69,0.2221,0.4232,0.0206,57,78,"IRAK4_Q91V64_x1_x2_model_4",1,2,"IRAK4","IRAK4_Q91V64_x1_2",3
"IRAK4_Q91V64_x1",5,2.37,76.09,0.2082,0.0227,1e-04,11,9,"IRAK4_Q91V64_x1_x2_model_5",2,2,"IRAK4","IRAK4_Q91V64_x1_2",5
"IRAK4_Q91VH6_x1",1,1.79,80.43,0.2432,0.3918,0.0445,73,93,"IRAK4_Q91VH6_x1_x2_model_1",1,2,"IRAK4","IRAK4_Q91VH6_x1_2",4
"IRAK4_Q91VH6_x1",2,1.04,81.22,0.2321,0.3852,0.0335,63,81,"IRAK4_Q91VH6_x1_x2_model_2",1,2,"IRAK4","IRAK4_Q91VH6_x1_2",5
"IRAK4_Q91VH6_x1",3,3.02,80.69,0.2581,0.4054,0.049,79,101,"IRAK4_Q91VH6_x1_x2_model_3",1,2,"IRAK4","IRAK4_Q91VH6_x1_2",1
"IRAK4_Q91VH6_x1",4,0.92,80.59,0.2475,0.418,0.0427,68,88,"IRAK4_Q91VH6_x1_x2_model_4",1,2,"IRAK4","IRAK4_Q91VH6_x1_2",3
"IRAK4_Q91VH6_x1",5,2.4,80.06,0.2526,0.4029,0.0414,69,77,"IRAK4_Q91VH6_x1_x2_model_5",1,2,"IRAK4","IRAK4_Q91VH6_x1_2",2
"IRAK4_Q91W36_x1",1,2.69,68.55,0.2424,0.2859,0.0413,82,108,"IRAK4_Q91W36_x1_x2_model_1",1,2,"IRAK4","IRAK4_Q91W36_x1_2",1
"IRAK4_Q91W36_x1",2,4.34,71.79,0.2349,0.2655,0.0435,104,157,"IRAK4_Q91W36_x1_x2_model_2",1,2,"IRAK4","IRAK4_Q91W36_x1_2",3
"IRAK4_Q91W36_x1",3,1.32,70.88,0.2198,0.2463,0.0338,97,133,"IRAK4_Q91W36_x1_x2_model_3",1,2,"IRAK4","IRAK4_Q91W36_x1_2",5
"IRAK4_Q91W36_x1",4,1.58,69.48,0.2405,0.3758,0.0508,81,82,"IRAK4_Q91W36_x1_x2_model_4",1,2,"IRAK4","IRAK4_Q91W36_x1_2",2
"IRAK4_Q91W36_x1",5,1.77,70.51,0.2322,0.3975,0.0549,111,155,"IRAK4_Q91W36_x1_x2_model_5",1,2,"IRAK4","IRAK4_Q91W36_x1_2",4
"IRAK4_Q921I2_x1",1,1.58,71.71,0.2514,0.3871,0.0817,128,165,"IRAK4_Q921I2_x1_x2_model_1",1,2,"IRAK4","IRAK4_Q921I2_x1_2",2
"IRAK4_Q921I2_x1",2,1.32,72.86,0.2291,0.3337,0.0485,145,217,"IRAK4_Q921I2_x1_x2_model_2",1,2,"IRAK4","IRAK4_Q921I2_x1_2",4
"IRAK4_Q921I2_x1",3,2.15,71.9,0.3232,0.3431,0.1196,139,178,"IRAK4_Q921I2_x1_x2_model_3",1,2,"IRAK4","IRAK4_Q921I2_x1_2",1
"IRAK4_Q921I2_x1",4,6.06,70.45,0.2328,0.3355,0.0268,69,131,"IRAK4_Q921I2_x1_x2_model_4",1,2,"IRAK4","IRAK4_Q921I2_x1_2",3
"IRAK4_Q921I2_x1",5,2.9,71.34,0.2209,0.3012,0.0381,120,144,"IRAK4_Q921I2_x1_x2_model_5",1,2,"IRAK4","IRAK4_Q921I2_x1_2",5
"IRAK4_Q921N8_x1",1,4.18,57.95,0.2728,0.4472,0.1097,59,61,"IRAK4_Q921N8_x1_x2_model_1",1,2,"IRAK4","IRAK4_Q921N8_x1_2",1
"IRAK4_Q921N8_x1",2,4.48,59.73,0.2301,0.326,0.0875,106,138,"IRAK4_Q921N8_x1_x2_model_2",1,2,"IRAK4","IRAK4_Q921N8_x1_2",7
"IRAK4_Q921N8_x1",3,4.51,59.41,0.2396,0.4569,0.0834,66,77,"IRAK4_Q921N8_x1_x2_model_3",1,2,"IRAK4","IRAK4_Q921N8_x1_2",6
"IRAK4_Q921N8_x1",4,7.83,56.31,0.2491,0.211,0.041,58,53,"IRAK4_Q921N8_x1_x2_model_4",1,2,"IRAK4","IRAK4_Q921N8_x1_2",4
"IRAK4_Q921N8_x1",5,4.94,58.38,0.2214,0.4209,0.0714,92,112,"IRAK4_Q921N8_x1_x2_model_5",1,2,"IRAK4","IRAK4_Q921N8_x1_2",10
"IRAK4_Q922B1_x1",1,1.81,71.7,0.2527,0.3156,0.0342,49,45,"IRAK4_Q922B1_x1_x2_model_1",1,2,"IRAK4","IRAK4_Q922B1_x1_2",5
"IRAK4_Q922B1_x1",2,1.14,75.52,0.4787,0.49,0.3276,70,86,"IRAK4_Q922B1_x1_x2_model_2",1,2,"IRAK4","IRAK4_Q922B1_x1_2",1
"IRAK4_Q922B1_x1",3,1.93,71.29,0.2667,0.4336,0.0802,97,119,"IRAK4_Q922B1_x1_x2_model_3",1,2,"IRAK4","IRAK4_Q922B1_x1_2",3
"IRAK4_Q922B1_x1",4,1.53,71.61,0.2761,0.3924,0.0752,76,87,"IRAK4_Q922B1_x1_x2_model_4",1,2,"IRAK4","IRAK4_Q922B1_x1_2",2
"IRAK4_Q922B1_x1",5,6.22,70.9,0.259,0.4521,0.0813,101,152,"IRAK4_Q922B1_x1_x2_model_5",1,2,"IRAK4","IRAK4_Q922B1_x1_2",4
"IRAK4_Q922G2_x1",1,1.54,64.12,0.2261,0.3432,0.0463,70,102,"IRAK4_Q922G2_x1_x2_model_1",1,2,"IRAK4","IRAK4_Q922G2_x1_2",8
"IRAK4_Q922G2_x1",2,0.95,72.17,0.5098,0.3157,0.2677,52,54,"IRAK4_Q922G2_x1_x2_model_2",1,2,"IRAK4","IRAK4_Q922G2_x1_2",1
"IRAK4_Q922G2_x1",3,0.86,70.08,0.4569,0.343,0.2414,51,52,"IRAK4_Q922G2_x1_x2_model_3",1,2,"IRAK4","IRAK4_Q922G2_x1_2",3
"IRAK4_Q922G2_x1",4,1.34,66.99,0.4035,0.4494,0.2605,85,101,"IRAK4_Q922G2_x1_x2_model_4",1,2,"IRAK4","IRAK4_Q922G2_x1_2",5
"IRAK4_Q922G2_x1",5,1.52,68.93,0.4227,0.4309,0.2519,85,90,"IRAK4_Q922G2_x1_x2_model_5",1,2,"IRAK4","IRAK4_Q922G2_x1_2",4
"IRAK4_Q99J93_x1",1,0.65,74.33,0.3681,0.411,0.2257,77,134,"IRAK4_Q99J93_x1_x2_model_1",1,2,"IRAK4","IRAK4_Q99J93_x1_2",1
"IRAK4_Q99J93_x1",2,0.78,74.96,0.3236,0.3847,0.1552,56,80,"IRAK4_Q99J93_x1_x2_model_2",1,2,"IRAK4","IRAK4_Q99J93_x1_2",4
"IRAK4_Q99J93_x1",3,1.67,72.78,0.3206,0.2799,0.1345,63,91,"IRAK4_Q99J93_x1_x2_model_3",1,2,"IRAK4","IRAK4_Q99J93_x1_2",6
"IRAK4_Q99J93_x1",4,1.77,72.78,0.3386,0.346,0.1634,62,72,"IRAK4_Q99J93_x1_x2_model_4",1,2,"IRAK4","IRAK4_Q99J93_x1_2",2
"IRAK4_Q99J93_x1",5,1.69,71.78,0.2914,0.3478,0.1393,64,92,"IRAK4_Q99J93_x1_x2_model_5",1,2,"IRAK4","IRAK4_Q99J93_x1_2",9
"IRAK4_Q99J99_x1",1,1.44,80.45,0.2263,0.3527,0.0259,60,83,"IRAK4_Q99J99_x1_x2_model_1",1,2,"IRAK4","IRAK4_Q99J99_x1_2",3
"IRAK4_Q99J99_x1",2,0.86,81.38,0.2439,0.3774,0.0366,77,121,"IRAK4_Q99J99_x1_x2_model_2",1,2,"IRAK4","IRAK4_Q99J99_x1_2",1
"IRAK4_Q99J99_x1",3,1.67,80.29,0.2075,0.3001,0.0216,65,73,"IRAK4_Q99J99_x1_x2_model_3",1,2,"IRAK4","IRAK4_Q99J99_x1_2",5
"IRAK4_Q99J99_x1",4,1.89,79.66,0.2406,0.36,0.0228,57,60,"IRAK4_Q99J99_x1_x2_model_4",1,2,"IRAK4","IRAK4_Q99J99_x1_2",2
"IRAK4_Q99J99_x1",5,2.44,80.04,0.2109,0.3507,0.0226,56,68,"IRAK4_Q99J99_x1_x2_model_5",1,2,"IRAK4","IRAK4_Q99J99_x1_2",4
"IRAK4_Q99LC2_x1",1,1.46,77.38,0.2732,0.3724,0.0442,61,59,"IRAK4_Q99LC2_x1_x2_model_1",1,2,"IRAK4","IRAK4_Q99LC2_x1_2",2
"IRAK4_Q99LC2_x1",2,1.36,77.62,0.2442,0.4043,0.0381,76,93,"IRAK4_Q99LC2_x1_x2_model_2",1,2,"IRAK4","IRAK4_Q99LC2_x1_2",5
"IRAK4_Q99LC2_x1",3,2.31,77.77,0.2539,0.4218,0.0363,63,75,"IRAK4_Q99LC2_x1_x2_model_3",1,2,"IRAK4","IRAK4_Q99LC2_x1_2",3
"IRAK4_Q99LC2_x1",4,4.63,76.8,0.306,0.4225,0.0762,73,69,"IRAK4_Q99LC2_x1_x2_model_4",1,2,"IRAK4","IRAK4_Q99LC2_x1_2",1
"IRAK4_Q99LC2_x1",5,3.39,77.47,0.2487,0.4114,0.0381,59,61,"IRAK4_Q99LC2_x1_x2_model_5",1,2,"IRAK4","IRAK4_Q99LC2_x1_2",4
"IRAK4_Q9CPW7_x1",1,1.63,64.87,0.2585,0.4044,0.0883,91,127,"IRAK4_Q9CPW7_x1_x2_model_1",1,2,"IRAK4","IRAK4_Q9CPW7_x1_2",2
"IRAK4_Q9CPW7_x1",2,1.42,67.54,0.2488,0.3818,0.0432,57,63,"IRAK4_Q9CPW7_x1_x2_model_2",1,2,"IRAK4","IRAK4_Q9CPW7_x1_2",4
"IRAK4_Q9CPW7_x1",3,4.14,66.29,0.2381,0.3165,0.0451,51,62,"IRAK4_Q9CPW7_x1_x2_model_3",1,2,"IRAK4","IRAK4_Q9CPW7_x1_2",7
"IRAK4_Q9CPW7_x1",4,4.29,63.48,0.2552,0.3783,0.089,65,82,"IRAK4_Q9CPW7_x1_x2_model_4",1,2,"IRAK4","IRAK4_Q9CPW7_x1_2",3
"IRAK4_Q9CPW7_x1",5,2.61,67.6,0.2251,0.325,0.0222,35,32,"IRAK4_Q9CPW7_x1_x2_model_5",1,2,"IRAK4","IRAK4_Q9CPW7_x1_2",9
"IRAK4_Q9CR80_x1",1,0.8,69.21,0.3722,0.4305,0.1249,108,143,"IRAK4_Q9CR80_x1_x2_model_1",1,2,"IRAK4","IRAK4_Q9CR80_x1_2",1
"IRAK4_Q9CR80_x1",2,1.34,69.91,0.2993,0.3895,0.0956,75,79,"IRAK4_Q9CR80_x1_x2_model_2",1,2,"IRAK4","IRAK4_Q9CR80_x1_2",10
"IRAK4_Q9CR80_x1",3,3.07,68.88,0.3035,0.3108,0.0921,82,106,"IRAK4_Q9CR80_x1_x2_model_3",1,2,"IRAK4","IRAK4_Q9CR80_x1_2",9
"IRAK4_Q9CR80_x1",4,7.44,69.23,0.317,0.3957,0.0766,63,75,"IRAK4_Q9CR80_x1_x2_model_4",1,2,"IRAK4","IRAK4_Q9CR80_x1_2",4
"IRAK4_Q9CR80_x1",5,1.79,67.81,0.3142,0.3843,0.0765,80,86,"IRAK4_Q9CR80_x1_x2_model_5",1,2,"IRAK4","IRAK4_Q9CR80_x1_2",5
"IRAK4_Q9CS00_x1",1,3.85,59.01,0.2285,0.4396,0.0483,61,77,"IRAK4_Q9CS00_x1_x2_model_1",1,2,"IRAK4","IRAK4_Q9CS00_x1_2",3
"IRAK4_Q9CS00_x1",2,4.06,59.42,0.1998,0.3925,0.0293,81,114,"IRAK4_Q9CS00_x1_x2_model_2",1,2,"IRAK4","IRAK4_Q9CS00_x1_2",9
"IRAK4_Q9CS00_x1",3,1.57,60.41,0.236,0.3633,0.031,42,32,"IRAK4_Q9CS00_x1_x2_model_3",1,2,"IRAK4","IRAK4_Q9CS00_x1_2",2
"IRAK4_Q9CS00_x1",4,3.61,56.57,0.2074,0.2862,0.034,84,82,"IRAK4_Q9CS00_x1_x2_model_4",1,2,"IRAK4","IRAK4_Q9CS00_x1_2",7
"IRAK4_Q9CS00_x1",5,4.26,59.94,0.1933,0.2795,0.021,71,99,"IRAK4_Q9CS00_x1_x2_model_5",1,2,"IRAK4","IRAK4_Q9CS00_x1_2",10
"IRAK4_Q9CS42_x1",1,1.47,80.34,0.2815,0.3673,0.0542,68,83,"IRAK4_Q9CS42_x1_x2_model_1",1,2,"IRAK4","IRAK4_Q9CS42_x1_2",2
"IRAK4_Q9CS42_x1",2,0.71,81.46,0.3419,0.3085,0.0774,48,45,"IRAK4_Q9CS42_x1_x2_model_2",1,2,"IRAK4","IRAK4_Q9CS42_x1_2",1
"IRAK4_Q9CS42_x1",3,3.51,81.63,0.2233,0.3115,0.0115,31,38,"IRAK4_Q9CS42_x1_x2_model_3",1,2,"IRAK4","IRAK4_Q9CS42_x1_2",4
"IRAK4_Q9CS42_x1",4,1.33,78.96,0.223,0.3557,0.0251,79,124,"IRAK4_Q9CS42_x1_x2_model_4",1,2,"IRAK4","IRAK4_Q9CS42_x1_2",5
"IRAK4_Q9CS42_x1",5,1.49,81.12,0.2382,0.2483,0.0265,34,37,"IRAK4_Q9CS42_x1_x2_model_5",1,2,"IRAK4","IRAK4_Q9CS42_x1_2",3
"IRAK4_Q9CXU9_x1",1,1.63,72.61,0.2984,0.4406,0.0476,52,77,"IRAK4_Q9CXU9_x1_x2_model_1",1,2,"IRAK4","IRAK4_Q9CXU9_x1_2",10
"IRAK4_Q9CXU9_x1",2,1.5,73.04,0.3106,0.3289,0.0604,85,113,"IRAK4_Q9CXU9_x1_x2_model_2",1,2,"IRAK4","IRAK4_Q9CXU9_x1_2",6
"IRAK4_Q9CXU9_x1",3,1.3,72.86,0.299,0.3007,0.0412,58,66,"IRAK4_Q9CXU9_x1_x2_model_3",1,2,"IRAK4","IRAK4_Q9CXU9_x1_2",9
"IRAK4_Q9CXU9_x1",4,1.98,78.21,0.7025,0.5476,0.4401,45,45,"IRAK4_Q9CXU9_x1_x2_model_4",1,2,"IRAK4","IRAK4_Q9CXU9_x1_2",3
"IRAK4_Q9CXU9_x1",5,1.7,78.3,0.7089,0.5408,0.421,48,45,"IRAK4_Q9CXU9_x1_x2_model_5",1,2,"IRAK4","IRAK4_Q9CXU9_x1_2",2
"IRAK4_Q9CY21_x1",4,2.67,72.66,0.2549,0.3231,0.0504,124,210,"IRAK4_Q9CY21_x1_x2_model_4",1,2,"IRAK4","IRAK4_Q9CY21_x1_2",6
"IRAK4_Q9CY21_x1",5,1.41,73.61,0.2364,0.3145,0.0312,84,129,"IRAK4_Q9CY21_x1_x2_model_5",1,2,"IRAK4","IRAK4_Q9CY21_x1_2",8
"IRAK4_Q9CY21_x1",1,1.85,74.06,0.2871,0.3354,0.0765,118,156,"IRAK4_Q9CY21_x1_x2_model_1",1,2,"IRAK4","IRAK4_Q9CY21_x1_2",1
"IRAK4_Q9CY21_x1",2,1.88,74.68,0.2645,0.3468,0.0546,103,136,"IRAK4_Q9CY21_x1_x2_model_2",1,2,"IRAK4","IRAK4_Q9CY21_x1_2",2
"IRAK4_Q9CY21_x1",3,1.4,73.79,0.2572,0.3156,0.0561,122,169,"IRAK4_Q9CY21_x1_x2_model_3",1,2,"IRAK4","IRAK4_Q9CY21_x1_2",5
"IRAK4_Q9D115_x1",1,0.61,73.1,0.3978,0.382,0.1753,81,98,"IRAK4_Q9D115_x1_x2_model_1",1,2,"IRAK4","IRAK4_Q9D115_x1_2",1
"IRAK4_Q9D115_x1",2,0.44,73.96,0.3819,0.416,0.1182,65,73,"IRAK4_Q9D115_x1_x2_model_2",1,2,"IRAK4","IRAK4_Q9D115_x1_2",2
"IRAK4_Q9D115_x1",3,0.89,72.67,0.3707,0.3802,0.0949,67,76,"IRAK4_Q9D115_x1_x2_model_3",1,2,"IRAK4","IRAK4_Q9D115_x1_2",3
"IRAK4_Q9D115_x1",4,1.09,72.62,0.3459,0.3664,0.0549,51,59,"IRAK4_Q9D115_x1_x2_model_4",1,2,"IRAK4","IRAK4_Q9D115_x1_2",9
"IRAK4_Q9D115_x1",5,1.25,71.41,0.3519,0.3235,0.0823,73,89,"IRAK4_Q9D115_x1_x2_model_5",1,2,"IRAK4","IRAK4_Q9D115_x1_2",6
"IRAK4_Q9D384_x1",1,3.86,69.7,0.2179,0.2561,0.0242,49,50,"IRAK4_Q9D384_x1_x2_model_1",1,2,"IRAK4","IRAK4_Q9D384_x1_2",3
"IRAK4_Q9D384_x1",2,1.53,71.11,0.2125,0.3113,0.0292,57,91,"IRAK4_Q9D384_x1_x2_model_2",1,2,"IRAK4","IRAK4_Q9D384_x1_2",4
"IRAK4_Q9D384_x1",3,3.99,71.15,0.2229,0.4046,0.0252,69,102,"IRAK4_Q9D384_x1_x2_model_3",1,2,"IRAK4","IRAK4_Q9D384_x1_2",2
"IRAK4_Q9D384_x1",4,3.02,68.98,0.2507,0.3824,0.0617,153,235,"IRAK4_Q9D384_x1_x2_model_4",1,2,"IRAK4","IRAK4_Q9D384_x1_2",1
"IRAK4_Q9D384_x1",5,5.14,69.91,0.2107,0.2794,0.02,65,71,"IRAK4_Q9D384_x1_x2_model_5",1,2,"IRAK4","IRAK4_Q9D384_x1_2",5
"IRAK4_Q9D5V5_x1",1,0.89,78.13,0.3163,0.3627,0.1007,83,108,"IRAK4_Q9D5V5_x1_x2_model_1",1,2,"IRAK4","IRAK4_Q9D5V5_x1_2",2
"IRAK4_Q9D5V5_x1",2,2.11,77.73,0.2211,0.2115,0.0128,56,65,"IRAK4_Q9D5V5_x1_x2_model_2",1,2,"IRAK4","IRAK4_Q9D5V5_x1_2",5
"IRAK4_Q9D5V5_x1",3,7.26,77.51,0.3138,0.345,0.0668,63,73,"IRAK4_Q9D5V5_x1_x2_model_3",1,2,"IRAK4","IRAK4_Q9D5V5_x1_2",3
"IRAK4_Q9D5V5_x1",4,3.4,75.82,0.2686,0.3302,0.0358,59,64,"IRAK4_Q9D5V5_x1_x2_model_4",1,2,"IRAK4","IRAK4_Q9D5V5_x1_2",4
"IRAK4_Q9D5V5_x1",5,4.5,78.59,0.3253,0.3512,0.0814,72,90,"IRAK4_Q9D5V5_x1_x2_model_5",1,2,"IRAK4","IRAK4_Q9D5V5_x1_2",1
"IRAK4_Q9D8N6_x1",1,1.55,63.91,0.2459,0.4214,0.05,62,71,"IRAK4_Q9D8N6_x1_x2_model_1",1,2,"IRAK4","IRAK4_Q9D8N6_x1_2",1
"IRAK4_Q9D8N6_x1",2,1.74,66.13,0.2162,0.3809,0.0305,48,45,"IRAK4_Q9D8N6_x1_x2_model_2",1,2,"IRAK4","IRAK4_Q9D8N6_x1_2",8
"IRAK4_Q9D8N6_x1",5,1.9,64.06,0.218,0.2993,0.0348,50,59,"IRAK4_Q9D8N6_x1_x2_model_5",1,2,"IRAK4","IRAK4_Q9D8N6_x1_2",7
"IRAK4_Q9D8N6_x1",3,1.4,65.37,0.2143,0.3103,0.0315,49,50,"IRAK4_Q9D8N6_x1_x2_model_3",1,2,"IRAK4","IRAK4_Q9D8N6_x1_2",9
"IRAK4_Q9D8N6_x1",4,7.78,63.73,0.2299,0.3272,0.0465,66,70,"IRAK4_Q9D8N6_x1_x2_model_4",1,2,"IRAK4","IRAK4_Q9D8N6_x1_2",3
"IRAK4_Q9D8X2_x1",1,1.45,66.06,0.2431,0.3377,0.0557,64,64,"IRAK4_Q9D8X2_x1_x2_model_1",1,2,"IRAK4","IRAK4_Q9D8X2_x1_2",4
"IRAK4_Q9D8X2_x1",2,1.43,67.57,0.2032,0.3857,0.0201,41,38,"IRAK4_Q9D8X2_x1_x2_model_2",1,2,"IRAK4","IRAK4_Q9D8X2_x1_2",10
"IRAK4_Q9D8X2_x1",3,2.43,65.91,0.2272,0.3011,0.0436,52,49,"IRAK4_Q9D8X2_x1_x2_model_3",1,2,"IRAK4","IRAK4_Q9D8X2_x1_2",6
"IRAK4_Q9D8X2_x1",4,2.31,63.42,0.2549,0.2855,0.0357,62,65,"IRAK4_Q9D8X2_x1_x2_model_4",1,2,"IRAK4","IRAK4_Q9D8X2_x1_2",2
"IRAK4_Q9D8X2_x1",5,1.72,66.06,0.2233,0.221,0.0393,52,51,"IRAK4_Q9D8X2_x1_x2_model_5",1,2,"IRAK4","IRAK4_Q9D8X2_x1_2",8
"IRAK4_Q9DB42_x1",1,3.22,66.5,0.2919,0.3777,0.0945,131,165,"IRAK4_Q9DB42_x1_x2_model_1",1,2,"IRAK4","IRAK4_Q9DB42_x1_2",9
"IRAK4_Q9DB42_x1",2,1.04,68.5,0.2966,0.3258,0.0694,92,120,"IRAK4_Q9DB42_x1_x2_model_2",1,2,"IRAK4","IRAK4_Q9DB42_x1_2",6
"IRAK4_Q9DB42_x1",3,0.76,66.84,0.3043,0.4203,0.0942,71,112,"IRAK4_Q9DB42_x1_x2_model_3",1,2,"IRAK4","IRAK4_Q9DB42_x1_2",4
"IRAK4_Q9DB42_x1",4,1.19,67.18,0.32,0.3767,0.1038,84,105,"IRAK4_Q9DB42_x1_x2_model_4",1,2,"IRAK4","IRAK4_Q9DB42_x1_2",2
"IRAK4_Q9DB42_x1",5,1.27,66.77,0.3078,0.3708,0.0681,73,91,"IRAK4_Q9DB42_x1_x2_model_5",1,2,"IRAK4","IRAK4_Q9DB42_x1_2",3
"IRAK4_Q9DB98_x1",1,1.02,61.5,0.2527,0.4493,0.1211,103,156,"IRAK4_Q9DB98_x1_x2_model_1",1,2,"IRAK4","IRAK4_Q9DB98_x1_2",4
"IRAK4_Q9DB98_x1",2,2.57,63.19,0.2349,0.3276,0.0585,62,83,"IRAK4_Q9DB98_x1_x2_model_2",1,2,"IRAK4","IRAK4_Q9DB98_x1_2",9
"IRAK4_Q9DB98_x1",3,1.13,60.57,0.2544,0.4759,0.1205,91,105,"IRAK4_Q9DB98_x1_x2_model_3",1,2,"IRAK4","IRAK4_Q9DB98_x1_2",3
"IRAK4_Q9DB98_x1",4,3.5,59.22,0.2549,0.4333,0.1148,104,107,"IRAK4_Q9DB98_x1_x2_model_4",1,2,"IRAK4","IRAK4_Q9DB98_x1_2",2
"IRAK4_Q9DB98_x1",5,2.85,59.77,0.2604,0.3386,0.0867,80,90,"IRAK4_Q9DB98_x1_x2_model_5",1,2,"IRAK4","IRAK4_Q9DB98_x1_2",1
"IRAK4_Q9DCN2_x1",1,1,78.6,0.2958,0.2988,0.0582,62,64,"IRAK4_Q9DCN2_x1_x2_model_1",1,2,"IRAK4","IRAK4_Q9DCN2_x1_2",1
"IRAK4_Q9DCN2_x1",2,1.16,78.85,0.2541,0.2854,0.0385,75,90,"IRAK4_Q9DCN2_x1_x2_model_2",1,2,"IRAK4","IRAK4_Q9DCN2_x1_2",2
"IRAK4_Q9DCN2_x1",3,1.6,78.73,0.215,0.3828,0.0298,80,90,"IRAK4_Q9DCN2_x1_x2_model_3",1,2,"IRAK4","IRAK4_Q9DCN2_x1_2",5
"IRAK4_Q9DCN2_x1",4,2.09,78.09,0.2221,0.326,0.0283,84,166,"IRAK4_Q9DCN2_x1_x2_model_4",1,2,"IRAK4","IRAK4_Q9DCN2_x1_2",3
"IRAK4_Q9DCN2_x1",5,2.11,78.36,0.2191,0.3559,0.0331,60,66,"IRAK4_Q9DCN2_x1_x2_model_5",1,2,"IRAK4","IRAK4_Q9DCN2_x1_2",4
"IRAK4_Q9EPB4_x1",1,0.54,71.09,0.248,0.2299,0.041,69,82,"IRAK4_Q9EPB4_x1_x2_model_1",1,2,"IRAK4","IRAK4_Q9EPB4_x1_2",4
"IRAK4_Q9EPB4_x1",2,1.08,72.8,0.219,0.3465,0.0184,52,71,"IRAK4_Q9EPB4_x1_x2_model_2",1,2,"IRAK4","IRAK4_Q9EPB4_x1_2",10
"IRAK4_Q9EPB4_x1",3,1.21,73.3,0.2392,0.3,0.0214,52,61,"IRAK4_Q9EPB4_x1_x2_model_3",1,2,"IRAK4","IRAK4_Q9EPB4_x1_2",6
"IRAK4_Q9EPB4_x1",4,1.83,71.11,0.2569,0.3573,0.0403,79,96,"IRAK4_Q9EPB4_x1_x2_model_4",1,2,"IRAK4","IRAK4_Q9EPB4_x1_2",2
"IRAK4_Q9EPB4_x1",5,1.62,72.94,0.2258,0.2452,0.0218,61,73,"IRAK4_Q9EPB4_x1_x2_model_5",1,2,"IRAK4","IRAK4_Q9EPB4_x1_2",7
"IRAK4_Q9EQK5_x1",1,2.3,78.67,0.4889,0.3816,0.2431,35,33,"IRAK4_Q9EQK5_x1_x2_model_1",1,2,"IRAK4","IRAK4_Q9EQK5_x1_2",2
"IRAK4_Q9EQK5_x1",2,3.18,75.64,0.1969,0.0076,0,6,4,"IRAK4_Q9EQK5_x1_x2_model_2",2,2,"IRAK4","IRAK4_Q9EQK5_x1_2",10
"IRAK4_Q9EQK5_x1",3,3.37,74.72,0.2065,0,0,0,0,"IRAK4_Q9EQK5_x1_x2_model_3",2,2,"IRAK4","IRAK4_Q9EQK5_x1_2",6
"IRAK4_Q9EQK5_x1",4,3.12,72.99,0.2326,0.129,0.0235,37,39,"IRAK4_Q9EQK5_x1_x2_model_4",1,2,"IRAK4","IRAK4_Q9EQK5_x1_2",4
"IRAK4_Q9EQK5_x1",5,5.76,75.58,0.205,0,0,0,0,"IRAK4_Q9EQK5_x1_x2_model_5",2,2,"IRAK4","IRAK4_Q9EQK5_x1_2",7
"IRAK4_Q9ER64_x1",1,3.69,63.39,0.2641,0.3435,0.0679,105,119,"IRAK4_Q9ER64_x1_x2_model_1",1,2,"IRAK4","IRAK4_Q9ER64_x1_2",3
"IRAK4_Q9ER64_x1",2,1.71,65.06,0.2603,0.3726,0.0671,75,92,"IRAK4_Q9ER64_x1_x2_model_2",1,2,"IRAK4","IRAK4_Q9ER64_x1_2",4
"IRAK4_Q9ER64_x1",3,4.69,61.56,0.2486,0.3734,0.066,162,295,"IRAK4_Q9ER64_x1_x2_model_3",1,2,"IRAK4","IRAK4_Q9ER64_x1_2",5
"IRAK4_Q9ER64_x1",4,2.24,61.75,0.3148,0.2945,0.1021,92,104,"IRAK4_Q9ER64_x1_x2_model_4",1,2,"IRAK4","IRAK4_Q9ER64_x1_2",1
"IRAK4_Q9ER64_x1",5,3.81,62.01,0.2684,0.2909,0.0578,106,130,"IRAK4_Q9ER64_x1_x2_model_5",1,2,"IRAK4","IRAK4_Q9ER64_x1_2",2
"IRAK4_Q9ESK4_x1",1,3.02,65.41,0.2279,0.3038,0.0426,68,88,"IRAK4_Q9ESK4_x1_x2_model_1",1,2,"IRAK4","IRAK4_Q9ESK4_x1_2",2
"IRAK4_Q9ESK4_x1",2,4.43,65.88,0.2162,0.2506,0.0172,38,42,"IRAK4_Q9ESK4_x1_x2_model_2",1,2,"IRAK4","IRAK4_Q9ESK4_x1_2",3
"IRAK4_Q9ESK4_x1",3,3.66,65.13,0.2155,0.2478,0.0347,70,95,"IRAK4_Q9ESK4_x1_x2_model_3",1,2,"IRAK4","IRAK4_Q9ESK4_x1_2",4
"IRAK4_Q9ESK4_x1",4,3.19,63.71,0.2313,0.2797,0.0545,94,128,"IRAK4_Q9ESK4_x1_x2_model_4",1,2,"IRAK4","IRAK4_Q9ESK4_x1_2",1
"IRAK4_Q9ESK4_x1",5,3.21,64.81,0.2088,0.2784,0.0211,53,74,"IRAK4_Q9ESK4_x1_x2_model_5",1,2,"IRAK4","IRAK4_Q9ESK4_x1_2",5
"IRAK4_Q9JJA7_x1",1,1.19,64.02,0.411,0.446,0.2647,74,72,"IRAK4_Q9JJA7_x1_x2_model_1",1,2,"IRAK4","IRAK4_Q9JJA7_x1_2",3
"IRAK4_Q9JJA7_x1",2,3.77,65.24,0.4145,0.4253,0.2384,66,69,"IRAK4_Q9JJA7_x1_x2_model_2",1,2,"IRAK4","IRAK4_Q9JJA7_x1_2",2
"IRAK4_Q9JJA7_x1",3,2.35,63.47,0.2993,0.33,0.1026,81,84,"IRAK4_Q9JJA7_x1_x2_model_3",1,2,"IRAK4","IRAK4_Q9JJA7_x1_2",5
"IRAK4_Q9JJA7_x1",4,3.84,63.47,0.4173,0.3934,0.239,72,74,"IRAK4_Q9JJA7_x1_x2_model_4",1,2,"IRAK4","IRAK4_Q9JJA7_x1_2",1
"IRAK4_Q9JJA7_x1",5,2.77,63.93,0.3942,0.3947,0.2119,65,61,"IRAK4_Q9JJA7_x1_x2_model_5",1,2,"IRAK4","IRAK4_Q9JJA7_x1_2",4
"IRAK4_Q9JMG1_x1",1,1.41,70.42,0.4071,0.6129,0.3066,97,145,"IRAK4_Q9JMG1_x1_x2_model_1",1,2,"IRAK4","IRAK4_Q9JMG1_x1_2",3
"IRAK4_Q9JMG1_x1",2,1.95,72.1,0.4269,0.6306,0.3373,80,115,"IRAK4_Q9JMG1_x1_x2_model_2",1,2,"IRAK4","IRAK4_Q9JMG1_x1_2",2
"IRAK4_Q9JMG1_x1",3,0.4,70.23,0.3362,0.5445,0.2023,80,99,"IRAK4_Q9JMG1_x1_x2_model_3",1,2,"IRAK4","IRAK4_Q9JMG1_x1_2",8
"IRAK4_Q9JMG1_x1",4,5.85,68.61,0.3323,0.4468,0.1426,89,101,"IRAK4_Q9JMG1_x1_x2_model_4",1,2,"IRAK4","IRAK4_Q9JMG1_x1_2",9
"IRAK4_Q9JMG1_x1",5,1.44,70.08,0.3568,0.4894,0.2034,77,93,"IRAK4_Q9JMG1_x1_x2_model_5",1,2,"IRAK4","IRAK4_Q9JMG1_x1_2",6
"IRAK4_Q9QUH0_x1",1,1.4,77.25,0.2308,0.3851,0.03,52,66,"IRAK4_Q9QUH0_x1_x2_model_1",1,2,"IRAK4","IRAK4_Q9QUH0_x1_2",5
"IRAK4_Q9QUH0_x1",2,1.05,82.84,0.8012,0.3844,0.2828,28,30,"IRAK4_Q9QUH0_x1_x2_model_2",1,2,"IRAK4","IRAK4_Q9QUH0_x1_2",1
"IRAK4_Q9QUH0_x1",3,1.51,77.98,0.2664,0.3895,0.0261,38,70,"IRAK4_Q9QUH0_x1_x2_model_3",1,2,"IRAK4","IRAK4_Q9QUH0_x1_2",4
"IRAK4_Q9QUH0_x1",4,0.54,81.41,0.783,0.4092,0.2738,28,27,"IRAK4_Q9QUH0_x1_x2_model_4",1,2,"IRAK4","IRAK4_Q9QUH0_x1_2",2
"IRAK4_Q9QUH0_x1",5,2.63,76.52,0.3085,0.2931,0.0317,36,33,"IRAK4_Q9QUH0_x1_x2_model_5",1,2,"IRAK4","IRAK4_Q9QUH0_x1_2",3
"IRAK4_Q9R1P4_x1",1,1.21,76.24,0.394,0.3656,0.1453,87,102,"IRAK4_Q9R1P4_x1_x2_model_1",1,2,"IRAK4","IRAK4_Q9R1P4_x1_2",1
"IRAK4_Q9R1P4_x1",2,1.59,76.1,0.3475,0.3732,0.1288,102,113,"IRAK4_Q9R1P4_x1_x2_model_2",1,2,"IRAK4","IRAK4_Q9R1P4_x1_2",3
"IRAK4_Q9R1P4_x1",3,1.46,75.18,0.3425,0.3662,0.1297,100,114,"IRAK4_Q9R1P4_x1_x2_model_3",1,2,"IRAK4","IRAK4_Q9R1P4_x1_2",4
"IRAK4_Q9R1P4_x1",4,1.86,74.74,0.3901,0.4124,0.1577,113,148,"IRAK4_Q9R1P4_x1_x2_model_4",1,2,"IRAK4","IRAK4_Q9R1P4_x1_2",2
"IRAK4_Q9R1P4_x1",5,1.21,73.65,0.3398,0.4256,0.1102,105,126,"IRAK4_Q9R1P4_x1_x2_model_5",1,2,"IRAK4","IRAK4_Q9R1P4_x1_2",5
"IRAK4_Q9WUU8_x1",1,2.62,53.04,0.25,0.3877,0.075,68,87,"IRAK4_Q9WUU8_x1_x2_model_1",1,2,"IRAK4","IRAK4_Q9WUU8_x1_2",6
"IRAK4_Q9WUU8_x1",2,7.06,53.68,0.2118,0.1972,0.0133,34,27,"IRAK4_Q9WUU8_x1_x2_model_2",1,2,"IRAK4","IRAK4_Q9WUU8_x1_2",10
"IRAK4_Q9WUU8_x1",3,4.73,53.12,0.2401,0.327,0.064,58,73,"IRAK4_Q9WUU8_x1_x2_model_3",1,2,"IRAK4","IRAK4_Q9WUU8_x1_2",7
"IRAK4_Q9WUU8_x1",4,7.56,49.41,0.2191,0.2706,0.0479,105,154,"IRAK4_Q9WUU8_x1_x2_model_4",1,2,"IRAK4","IRAK4_Q9WUU8_x1_2",9
"IRAK4_Q9WUU8_x1",5,3.76,53.42,0.264,0.2891,0.0499,37,35,"IRAK4_Q9WUU8_x1_x2_model_5",1,2,"IRAK4","IRAK4_Q9WUU8_x1_2",4
"IRAK4_Q9Z1Q2_x1",1,0.78,78.18,0.2285,0.487,0.0242,79,153,"IRAK4_Q9Z1Q2_x1_x2_model_1",1,2,"IRAK4","IRAK4_Q9Z1Q2_x1_2",6
"IRAK4_Q9Z1Q2_x1",2,0.74,78.68,0.2414,0.3127,0.035,93,108,"IRAK4_Q9Z1Q2_x1_x2_model_2",1,2,"IRAK4","IRAK4_Q9Z1Q2_x1_2",3
"IRAK4_Q9Z1Q2_x1",3,1.16,78.18,0.2246,0.3925,0.0255,86,148,"IRAK4_Q9Z1Q2_x1_x2_model_3",1,2,"IRAK4","IRAK4_Q9Z1Q2_x1_2",8
"IRAK4_Q9Z1Q2_x1",4,2.2,76.82,0.2402,0.3454,0.0275,71,120,"IRAK4_Q9Z1Q2_x1_x2_model_4",1,2,"IRAK4","IRAK4_Q9Z1Q2_x1_2",5
"IRAK4_Q9Z1Q2_x1",5,1.12,77.89,0.2244,0.4495,0.0295,96,234,"IRAK4_Q9Z1Q2_x1_x2_model_5",1,2,"IRAK4","IRAK4_Q9Z1Q2_x1_2",9
