MYD88_A2A791_x1,1,model_1_multimer_v2_p1_230328_225521,8.245,52.68,0.2982,0,0,0,0,MYD88_A2A791_x1_1,2,2
MYD88_A2A791_x1,1,model_1_multimer_v2_p1_230328_225521_recycled_00,9999,48.67,0.2848,0,0,0,0,MYD88_A2A791_x1_1,2,2
MYD88_A2A791_x1,1,model_1_multimer_v2_p1_230328_225521_recycled_01,109.52,49.9,0.2887,0,0,0,0,MYD88_A2A791_x1_1,2,2
MYD88_A2A791_x1,1,model_1_multimer_v2_p1_230328_225521_recycled_02,35.72,51.42,0.3054,0.2963,0.0062,56,83,MYD88_A2A791_x1_1,2,2
MYD88_A2A791_x1,1,model_1_multimer_v2_p1_230328_225521_recycled_03,24.26,51.17,0.3001,0.2198,0.0041,41,59,MYD88_A2A791_x1_1,2,2
MYD88_A2A791_x1,1,model_1_multimer_v2_p1_230328_225521_recycled_04,16.31,52.28,0.2983,0.1946,0.0372,31,33,MYD88_A2A791_x1_1,2,2
MYD88_A2A791_x1,1,model_1_multimer_v2_p1_230328_225521_recycled_05,22.91,52.78,0.2987,0,0,0,0,MYD88_A2A791_x1_1,2,2
MYD88_A2A791_x1,1,model_1_multimer_v2_p1_230328_225521_recycled_06,20.88,52.52,0.2991,0,0,0,0,MYD88_A2A791_x1_1,2,2
MYD88_A2A791_x1,1,model_1_multimer_v2_p1_230328_225521_recycled_07,13.94,52.46,0.2991,0,0,0,0,MYD88_A2A791_x1_1,2,2
MYD88_A2A791_x1,1,model_1_multimer_v2_p1_230328_225521_recycled_08,11.54,52.86,0.2992,0,0,0,0,MYD88_A2A791_x1_1,2,2
MYD88_A2A791_x1,1,model_1_multimer_v2_p1_230328_225521_recycled_09,13.58,52.59,0.2988,0,0,0,0,MYD88_A2A791_x1_1,2,2
MYD88_A2A791_x1,1,model_1_multimer_v2_p1_230328_225521_recycled_10,15.8,52.35,0.2997,0,0,0,0,MYD88_A2A791_x1_1,2,2
MYD88_A2A791_x1,1,model_1_multimer_v2_p1_230328_225521_recycled_11,15.1,52.74,0.2989,0,0,0,0,MYD88_A2A791_x1_1,2,2
MYD88_A2A791_x1,1,model_1_multimer_v2_p1_230328_225521_recycled_12,12.82,52.48,0.2984,0,0,0,0,MYD88_A2A791_x1_1,2,2
MYD88_A2A791_x1,1,model_1_multimer_v2_p1_230328_225521_recycled_13,11.6,52.56,0.2984,0,0,0,0,MYD88_A2A791_x1_1,2,2
MYD88_A2A791_x1,1,model_1_multimer_v2_p1_230328_225521_recycled_14,11.93,52.29,0.2977,0,0,0,0,MYD88_A2A791_x1_1,2,2
MYD88_A2A791_x1,1,model_1_multimer_v2_p1_230328_225521_recycled_15,13.13,52.23,0.2988,0,0,0,0,MYD88_A2A791_x1_1,2,2
MYD88_A2A791_x1,1,model_1_multimer_v2_p1_230328_225521_recycled_16,13.64,53.19,0.2995,0,0,0,0,MYD88_A2A791_x1_1,2,2
MYD88_A2A791_x1,1,model_1_multimer_v2_p1_230328_225521_recycled_17,11.02,53.21,0.2986,0,0,0,0,MYD88_A2A791_x1_1,2,2
MYD88_A2A791_x1,1,model_1_multimer_v2_p1_230328_225521_recycled_18,8.63,52.59,0.2986,0,0,0,0,MYD88_A2A791_x1_1,2,2
MYD88_A2A791_x1,1,model_1_multimer_v2_p1_230328_225521_recycled_19,8.83,52.6,0.2982,0,0,0,0,MYD88_A2A791_x1_1,2,2
MYD88_A2A791_x1,2,model_2_multimer_v2_p1_230329_969045,20.793,49.65,0.3013,0,0,0,0,MYD88_A2A791_x1_2,2,2
MYD88_A2A791_x1,2,model_2_multimer_v2_p1_230329_969045_recycled_00,9999,46.52,0.289,0.3477,0.0053,43,64,MYD88_A2A791_x1_2,2,2
MYD88_A2A791_x1,2,model_2_multimer_v2_p1_230329_969045_recycled_01,107.3,48.05,0.2921,0.3529,0.0051,47,75,MYD88_A2A791_x1_2,2,2
MYD88_A2A791_x1,2,model_2_multimer_v2_p1_230329_969045_recycled_02,37.65,48.97,0.297,0.0014,0,2,1,MYD88_A2A791_x1_2,2,2
MYD88_A2A791_x1,2,model_2_multimer_v2_p1_230329_969045_recycled_03,42.58,48.88,0.3006,0,0,0,0,MYD88_A2A791_x1_2,2,2
MYD88_A2A791_x1,2,model_2_multimer_v2_p1_230329_969045_recycled_04,25.59,48.82,0.303,0,0,0,0,MYD88_A2A791_x1_2,2,2
MYD88_A2A791_x1,2,model_2_multimer_v2_p1_230329_969045_recycled_05,20.35,49.12,0.3017,0,0,0,0,MYD88_A2A791_x1_2,2,2
MYD88_A2A791_x1,2,model_2_multimer_v2_p1_230329_969045_recycled_06,21.56,49.41,0.3026,0,0,0,0,MYD88_A2A791_x1_2,2,2
MYD88_A2A791_x1,2,model_2_multimer_v2_p1_230329_969045_recycled_07,17.47,49.57,0.3031,0,0,0,0,MYD88_A2A791_x1_2,2,2
MYD88_A2A791_x1,2,model_2_multimer_v2_p1_230329_969045_recycled_08,15.64,49.21,0.3032,0,0,0,0,MYD88_A2A791_x1_2,2,2
MYD88_A2A791_x1,2,model_2_multimer_v2_p1_230329_969045_recycled_09,20.01,49.95,0.3026,0,0,0,0,MYD88_A2A791_x1_2,2,2
MYD88_A2A791_x1,2,model_2_multimer_v2_p1_230329_969045_recycled_10,19.73,49.2,0.3023,0,0,0,0,MYD88_A2A791_x1_2,2,2
MYD88_A2A791_x1,2,model_2_multimer_v2_p1_230329_969045_recycled_11,19.01,49.56,0.302,0,0,0,0,MYD88_A2A791_x1_2,2,2
MYD88_A2A791_x1,2,model_2_multimer_v2_p1_230329_969045_recycled_12,30.15,49.31,0.304,0,0,0,0,MYD88_A2A791_x1_2,2,2
MYD88_A2A791_x1,2,model_2_multimer_v2_p1_230329_969045_recycled_13,22.33,48.99,0.3035,0,0,0,0,MYD88_A2A791_x1_2,2,2
MYD88_A2A791_x1,2,model_2_multimer_v2_p1_230329_969045_recycled_14,17.39,49.22,0.3021,0,0,0,0,MYD88_A2A791_x1_2,2,2
MYD88_A2A791_x1,2,model_2_multimer_v2_p1_230329_969045_recycled_15,24.14,49.18,0.3033,0.0014,0,2,1,MYD88_A2A791_x1_2,2,2
MYD88_A2A791_x1,2,model_2_multimer_v2_p1_230329_969045_recycled_16,13.65,49.15,0.304,0.0169,1e-04,10,8,MYD88_A2A791_x1_2,2,2
MYD88_A2A791_x1,2,model_2_multimer_v2_p1_230329_969045_recycled_17,13.27,49.07,0.3029,0.4536,0.0037,41,81,MYD88_A2A791_x1_2,2,2
MYD88_A2A791_x1,2,model_2_multimer_v2_p1_230329_969045_recycled_18,17.09,48.98,0.3028,0.0555,1e-04,17,23,MYD88_A2A791_x1_2,2,2
MYD88_A2A791_x1,2,model_2_multimer_v2_p1_230329_969045_recycled_19,18.13,50.53,0.3034,0,0,0,0,MYD88_A2A791_x1_2,2,2
MYD88_A2A791_x1,3,model_3_multimer_v2_p1_230330_991359,18.275,51.23,0.2983,0,0,0,0,MYD88_A2A791_x1_3,2,2
MYD88_A2A791_x1,3,model_3_multimer_v2_p1_230330_991359_recycled_00,9999,46.43,0.2811,0.0015,1e-04,2,1,MYD88_A2A791_x1_3,2,2
MYD88_A2A791_x1,3,model_3_multimer_v2_p1_230330_991359_recycled_01,114.17,49.16,0.2911,0,0,0,0,MYD88_A2A791_x1_3,2,2
MYD88_A2A791_x1,3,model_3_multimer_v2_p1_230330_991359_recycled_02,44.65,50.25,0.2985,0,0,0,0,MYD88_A2A791_x1_3,2,2
MYD88_A2A791_x1,3,model_3_multimer_v2_p1_230330_991359_recycled_03,29.44,50.12,0.2987,0.0058,5e-04,5,3,MYD88_A2A791_x1_3,2,2
MYD88_A2A791_x1,3,model_3_multimer_v2_p1_230330_991359_recycled_04,21.58,50.73,0.2972,0,0,0,0,MYD88_A2A791_x1_3,2,2
MYD88_A2A791_x1,3,model_3_multimer_v2_p1_230330_991359_recycled_05,21.82,50.92,0.2976,0,0,0,0,MYD88_A2A791_x1_3,2,2
MYD88_A2A791_x1,3,model_3_multimer_v2_p1_230330_991359_recycled_06,24.25,50.41,0.2984,0.0488,0.0018,14,15,MYD88_A2A791_x1_3,2,2
MYD88_A2A791_x1,3,model_3_multimer_v2_p1_230330_991359_recycled_07,34.24,51.07,0.2974,0,0,0,0,MYD88_A2A791_x1_3,2,2
MYD88_A2A791_x1,3,model_3_multimer_v2_p1_230330_991359_recycled_08,29.65,50.88,0.2969,0,0,0,0,MYD88_A2A791_x1_3,2,2
MYD88_A2A791_x1,3,model_3_multimer_v2_p1_230330_991359_recycled_09,18.19,50.37,0.2987,0.082,0.0048,21,30,MYD88_A2A791_x1_3,2,2
MYD88_A2A791_x1,3,model_3_multimer_v2_p1_230330_991359_recycled_10,50.59,51.1,0.2969,0,0,0,0,MYD88_A2A791_x1_3,2,2
MYD88_A2A791_x1,3,model_3_multimer_v2_p1_230330_991359_recycled_11,41.59,51.12,0.2974,0,0,0,0,MYD88_A2A791_x1_3,2,2
MYD88_A2A791_x1,3,model_3_multimer_v2_p1_230330_991359_recycled_12,33.65,50.84,0.2989,0.4404,0.0307,36,60,MYD88_A2A791_x1_3,2,2
MYD88_A2A791_x1,3,model_3_multimer_v2_p1_230330_991359_recycled_13,35.09,51.33,0.2978,0,0,0,0,MYD88_A2A791_x1_3,2,2
MYD88_A2A791_x1,3,model_3_multimer_v2_p1_230330_991359_recycled_14,22.67,51.35,0.298,0,0,0,0,MYD88_A2A791_x1_3,2,2
MYD88_A2A791_x1,3,model_3_multimer_v2_p1_230330_991359_recycled_15,39.22,51.33,0.299,0.4895,0.0146,43,74,MYD88_A2A791_x1_3,2,2
MYD88_A2A791_x1,3,model_3_multimer_v2_p1_230330_991359_recycled_16,22.85,51.48,0.2978,0,0,0,0,MYD88_A2A791_x1_3,2,2
MYD88_A2A791_x1,3,model_3_multimer_v2_p1_230330_991359_recycled_17,20.16,51.56,0.2981,0,0,0,0,MYD88_A2A791_x1_3,2,2
MYD88_A2A791_x1,3,model_3_multimer_v2_p1_230330_991359_recycled_18,40.85,51.28,0.2991,0.0031,0,3,2,MYD88_A2A791_x1_3,2,2
MYD88_A2A791_x1,3,model_3_multimer_v2_p1_230330_991359_recycled_19,38.58,51.19,0.2996,0.3808,0.0036,31,53,MYD88_A2A791_x1_3,2,2
MYD88_A2A791_x1,4,model_4_multimer_v2_p1_230330_723988,20.598,54.39,0.3102,0.0784,1e-04,18,22,MYD88_A2A791_x1_4,1,2
MYD88_A2A791_x1,4,model_4_multimer_v2_p1_230330_723988_recycled_00,9999,45.57,0.2738,0.4642,0.0772,95,164,MYD88_A2A791_x1_4,1,2
MYD88_A2A791_x1,4,model_4_multimer_v2_p1_230330_723988_recycled_01,99.26,49.96,0.2983,0.0148,0,9,13,MYD88_A2A791_x1_4,1,2
MYD88_A2A791_x1,4,model_4_multimer_v2_p1_230330_723988_recycled_02,31.95,51.94,0.309,0.0203,1e-04,13,9,MYD88_A2A791_x1_4,1,2
MYD88_A2A791_x1,4,model_4_multimer_v2_p1_230330_723988_recycled_03,24.82,53.22,0.3132,0.1402,6e-04,23,31,MYD88_A2A791_x1_4,1,2
MYD88_A2A791_x1,4,model_4_multimer_v2_p1_230330_723988_recycled_04,19.92,52.85,0.3126,0,0,0,0,MYD88_A2A791_x1_4,1,2
MYD88_A2A791_x1,4,model_4_multimer_v2_p1_230330_723988_recycled_05,19.64,53.29,0.3125,0.0888,8e-04,25,43,MYD88_A2A791_x1_4,1,2
MYD88_A2A791_x1,4,model_4_multimer_v2_p1_230330_723988_recycled_06,20.93,52.55,0.3122,0.0059,0,4,3,MYD88_A2A791_x1_4,1,2
MYD88_A2A791_x1,4,model_4_multimer_v2_p1_230330_723988_recycled_07,14.79,53.17,0.3125,0.2806,0.0032,35,43,MYD88_A2A791_x1_4,1,2
MYD88_A2A791_x1,4,model_4_multimer_v2_p1_230330_723988_recycled_08,15.66,53.41,0.3126,0.4954,0.0084,62,122,MYD88_A2A791_x1_4,1,2
MYD88_A2A791_x1,4,model_4_multimer_v2_p1_230330_723988_recycled_09,16.95,53.53,0.3122,0.4071,0.0032,35,70,MYD88_A2A791_x1_4,1,2
MYD88_A2A791_x1,4,model_4_multimer_v2_p1_230330_723988_recycled_10,17.97,53.35,0.3117,0,0,0,0,MYD88_A2A791_x1_4,1,2
MYD88_A2A791_x1,4,model_4_multimer_v2_p1_230330_723988_recycled_11,19.6,53.43,0.3119,0.4694,0.0035,39,64,MYD88_A2A791_x1_4,1,2
MYD88_A2A791_x1,4,model_4_multimer_v2_p1_230330_723988_recycled_12,17.82,53.06,0.3112,0.0327,1e-04,12,16,MYD88_A2A791_x1_4,1,2
MYD88_A2A791_x1,4,model_4_multimer_v2_p1_230330_723988_recycled_13,18.6,53.98,0.3108,0.004,0,3,2,MYD88_A2A791_x1_4,1,2
MYD88_A2A791_x1,4,model_4_multimer_v2_p1_230330_723988_recycled_14,18.14,54.27,0.3112,0,0,0,0,MYD88_A2A791_x1_4,1,2
MYD88_A2A791_x1,4,model_4_multimer_v2_p1_230330_723988_recycled_15,16.57,54.51,0.3114,0,0,0,0,MYD88_A2A791_x1_4,1,2
MYD88_A2A791_x1,4,model_4_multimer_v2_p1_230330_723988_recycled_16,12.93,54.59,0.3121,0,0,0,0,MYD88_A2A791_x1_4,1,2
MYD88_A2A791_x1,4,model_4_multimer_v2_p1_230330_723988_recycled_17,14.31,54.27,0.3122,0.0388,1e-04,11,9,MYD88_A2A791_x1_4,1,2
MYD88_A2A791_x1,4,model_4_multimer_v2_p1_230330_723988_recycled_18,19.29,53.94,0.3112,0,0,0,0,MYD88_A2A791_x1_4,1,2
MYD88_A2A791_x1,4,model_4_multimer_v2_p1_230330_723988_recycled_19,23.96,53.98,0.3106,0.0585,1e-04,18,31,MYD88_A2A791_x1_4,1,2
MYD88_A2A791_x1,5,model_5_multimer_v2_p1_230330_254835,17.122,50.18,0.302,0.5839,0.0239,114,218,MYD88_A2A791_x1_5,1,2
MYD88_A2A791_x1,5,model_5_multimer_v2_p1_230330_254835_recycled_00,9999,46.11,0.2746,0,0,0,0,MYD88_A2A791_x1_5,1,2
MYD88_A2A791_x1,5,model_5_multimer_v2_p1_230330_254835_recycled_01,96.85,49.5,0.2941,0.2027,0.0075,48,53,MYD88_A2A791_x1_5,1,2
MYD88_A2A791_x1,5,model_5_multimer_v2_p1_230330_254835_recycled_02,31.97,49.34,0.2992,0.2184,0.0026,30,36,MYD88_A2A791_x1_5,1,2
MYD88_A2A791_x1,5,model_5_multimer_v2_p1_230330_254835_recycled_03,25.62,49.57,0.3038,0.0447,3e-04,19,20,MYD88_A2A791_x1_5,1,2
MYD88_A2A791_x1,5,model_5_multimer_v2_p1_230330_254835_recycled_04,29.63,49.36,0.3023,0.0178,4e-04,10,8,MYD88_A2A791_x1_5,1,2
MYD88_A2A791_x1,5,model_5_multimer_v2_p1_230330_254835_recycled_05,24.85,50.89,0.3029,0.028,2e-04,13,9,MYD88_A2A791_x1_5,1,2
MYD88_A2A791_x1,5,model_5_multimer_v2_p1_230330_254835_recycled_06,24,52.31,0.302,0.0055,0,4,2,MYD88_A2A791_x1_5,1,2
MYD88_A2A791_x1,5,model_5_multimer_v2_p1_230330_254835_recycled_07,20.05,51.6,0.3007,0,0,0,0,MYD88_A2A791_x1_5,1,2
MYD88_A2A791_x1,5,model_5_multimer_v2_p1_230330_254835_recycled_08,16.86,52.19,0.3026,0,0,0,0,MYD88_A2A791_x1_5,1,2
MYD88_A2A791_x1,5,model_5_multimer_v2_p1_230330_254835_recycled_09,19.7,52.22,0.3024,0.065,1e-04,18,17,MYD88_A2A791_x1_5,1,2
MYD88_A2A791_x1,5,model_5_multimer_v2_p1_230330_254835_recycled_10,15.38,52.17,0.3028,0.0155,1e-04,12,8,MYD88_A2A791_x1_5,1,2
MYD88_A2A791_x1,5,model_5_multimer_v2_p1_230330_254835_recycled_11,16.25,50.51,0.3028,0,0,0,0,MYD88_A2A791_x1_5,1,2
MYD88_A2A791_x1,5,model_5_multimer_v2_p1_230330_254835_recycled_12,15.21,51.08,0.3028,0.3542,0.0067,45,58,MYD88_A2A791_x1_5,1,2
MYD88_A2A791_x1,5,model_5_multimer_v2_p1_230330_254835_recycled_13,20.79,50.5,0.3027,0.0014,0,2,1,MYD88_A2A791_x1_5,1,2
MYD88_A2A791_x1,5,model_5_multimer_v2_p1_230330_254835_recycled_14,18.02,50.15,0.3017,0.1648,0.0287,52,59,MYD88_A2A791_x1_5,1,2
MYD88_A2A791_x1,5,model_5_multimer_v2_p1_230330_254835_recycled_15,25.48,49.76,0.3027,0.1048,5e-04,22,25,MYD88_A2A791_x1_5,1,2
MYD88_A2A791_x1,5,model_5_multimer_v2_p1_230330_254835_recycled_16,22.25,49.87,0.3027,0.3142,0.0069,46,60,MYD88_A2A791_x1_5,1,2
MYD88_A2A791_x1,5,model_5_multimer_v2_p1_230330_254835_recycled_17,17.85,50.72,0.3035,0.02,1e-04,15,10,MYD88_A2A791_x1_5,1,2
MYD88_A2A791_x1,5,model_5_multimer_v2_p1_230330_254835_recycled_18,20.21,50.91,0.303,0.5646,0.0129,60,119,MYD88_A2A791_x1_5,1,2
MYD88_A2A791_x1,5,model_5_multimer_v2_p1_230330_254835_recycled_19,18.79,50.31,0.3026,0.4363,0.0077,46,78,MYD88_A2A791_x1_5,1,2
MYD88_A2A8L1_x1,1,model_1_multimer_v2_p1_230328_637613,19.692,51.86,0.4141,0,0,0,0,MYD88_A2A8L1_x1_1,2,2
MYD88_A2A8L1_x1,1,model_1_multimer_v2_p1_230328_637613_recycled_00,9999,47.77,0.4023,0,0,0,0,MYD88_A2A8L1_x1_1,2,2
MYD88_A2A8L1_x1,1,model_1_multimer_v2_p1_230328_637613_recycled_01,115.4,48.63,0.4074,0,0,0,0,MYD88_A2A8L1_x1_1,2,2
MYD88_A2A8L1_x1,1,model_1_multimer_v2_p1_230328_637613_recycled_02,28.71,49.31,0.4091,0,0,0,0,MYD88_A2A8L1_x1_1,2,2
MYD88_A2A8L1_x1,1,model_1_multimer_v2_p1_230328_637613_recycled_03,15.82,50.85,0.4101,0,0,0,0,MYD88_A2A8L1_x1_1,2,2
MYD88_A2A8L1_x1,1,model_1_multimer_v2_p1_230328_637613_recycled_04,24.95,50.38,0.4101,0,0,0,0,MYD88_A2A8L1_x1_1,2,2
MYD88_A2A8L1_x1,1,model_1_multimer_v2_p1_230328_637613_recycled_05,21.71,51.3,0.4112,0,0,0,0,MYD88_A2A8L1_x1_1,2,2
MYD88_A2A8L1_x1,1,model_1_multimer_v2_p1_230328_637613_recycled_06,20.07,50.69,0.4108,0,0,0,0,MYD88_A2A8L1_x1_1,2,2
MYD88_A2A8L1_x1,1,model_1_multimer_v2_p1_230328_637613_recycled_07,14.03,50.53,0.4111,0,0,0,0,MYD88_A2A8L1_x1_1,2,2
MYD88_A2A8L1_x1,1,model_1_multimer_v2_p1_230328_637613_recycled_08,19.48,50.91,0.4125,0,0,0,0,MYD88_A2A8L1_x1_1,2,2
MYD88_A2A8L1_x1,1,model_1_multimer_v2_p1_230328_637613_recycled_09,13.24,50.81,0.4125,0,0,0,0,MYD88_A2A8L1_x1_1,2,2
MYD88_A2A8L1_x1,1,model_1_multimer_v2_p1_230328_637613_recycled_10,10.95,51.39,0.4127,0,0,0,0,MYD88_A2A8L1_x1_1,2,2
MYD88_A2A8L1_x1,1,model_1_multimer_v2_p1_230328_637613_recycled_11,20.23,51.5,0.4122,0,0,0,0,MYD88_A2A8L1_x1_1,2,2
MYD88_A2A8L1_x1,1,model_1_multimer_v2_p1_230328_637613_recycled_12,10.9,51.31,0.4126,0,0,0,0,MYD88_A2A8L1_x1_1,2,2
MYD88_A2A8L1_x1,1,model_1_multimer_v2_p1_230328_637613_recycled_13,19.66,51.47,0.4118,0,0,0,0,MYD88_A2A8L1_x1_1,2,2
MYD88_A2A8L1_x1,1,model_1_multimer_v2_p1_230328_637613_recycled_14,19.88,50.97,0.4123,0,0,0,0,MYD88_A2A8L1_x1_1,2,2
MYD88_A2A8L1_x1,1,model_1_multimer_v2_p1_230328_637613_recycled_15,12.51,51,0.413,0,0,0,0,MYD88_A2A8L1_x1_1,2,2
MYD88_A2A8L1_x1,1,model_1_multimer_v2_p1_230328_637613_recycled_16,10.87,51.28,0.4138,0,0,0,0,MYD88_A2A8L1_x1_1,2,2
MYD88_A2A8L1_x1,1,model_1_multimer_v2_p1_230328_637613_recycled_17,13.43,51.63,0.4137,0,0,0,0,MYD88_A2A8L1_x1_1,2,2
MYD88_A2A8L1_x1,1,model_1_multimer_v2_p1_230328_637613_recycled_18,12.78,52.05,0.414,0,0,0,0,MYD88_A2A8L1_x1_1,2,2
MYD88_A2A8L1_x1,1,model_1_multimer_v2_p1_230328_637613_recycled_19,20.04,51.68,0.4138,0,0,0,0,MYD88_A2A8L1_x1_1,2,2
MYD88_A2A8L1_x1,2,model_2_multimer_v2_p1_230330_807238,16.273,44.79,0.4169,0,0,0,0,MYD88_A2A8L1_x1_2,2,2
MYD88_A2A8L1_x1,2,model_2_multimer_v2_p1_230330_807238_recycled_00,9999,42.07,0.4107,0.558,0.0072,62,114,MYD88_A2A8L1_x1_2,2,2
MYD88_A2A8L1_x1,2,model_2_multimer_v2_p1_230330_807238_recycled_01,116.15,42.72,0.4156,0,0,0,0,MYD88_A2A8L1_x1_2,2,2
MYD88_A2A8L1_x1,2,model_2_multimer_v2_p1_230330_807238_recycled_02,28,43.31,0.4156,0,0,0,0,MYD88_A2A8L1_x1_2,2,2
MYD88_A2A8L1_x1,2,model_2_multimer_v2_p1_230330_807238_recycled_03,26.61,44.05,0.4133,0,0,0,0,MYD88_A2A8L1_x1_2,2,2
MYD88_A2A8L1_x1,2,model_2_multimer_v2_p1_230330_807238_recycled_04,23.02,45.15,0.4145,0,0,0,0,MYD88_A2A8L1_x1_2,2,2
MYD88_A2A8L1_x1,2,model_2_multimer_v2_p1_230330_807238_recycled_05,19.59,44.58,0.4135,0,0,0,0,MYD88_A2A8L1_x1_2,2,2
MYD88_A2A8L1_x1,2,model_2_multimer_v2_p1_230330_807238_recycled_06,21.03,44.62,0.4156,0,0,0,0,MYD88_A2A8L1_x1_2,2,2
MYD88_A2A8L1_x1,2,model_2_multimer_v2_p1_230330_807238_recycled_07,18.41,44.75,0.4151,0,0,0,0,MYD88_A2A8L1_x1_2,2,2
MYD88_A2A8L1_x1,2,model_2_multimer_v2_p1_230330_807238_recycled_08,17.63,44.85,0.4152,0,0,0,0,MYD88_A2A8L1_x1_2,2,2
MYD88_A2A8L1_x1,2,model_2_multimer_v2_p1_230330_807238_recycled_09,22.27,44.87,0.416,0,0,0,0,MYD88_A2A8L1_x1_2,2,2
MYD88_A2A8L1_x1,2,model_2_multimer_v2_p1_230330_807238_recycled_10,19.33,44.92,0.4145,0,0,0,0,MYD88_A2A8L1_x1_2,2,2
MYD88_A2A8L1_x1,2,model_2_multimer_v2_p1_230330_807238_recycled_11,13.3,44.9,0.4147,0,0,0,0,MYD88_A2A8L1_x1_2,2,2
MYD88_A2A8L1_x1,2,model_2_multimer_v2_p1_230330_807238_recycled_12,12.7,44.79,0.4133,0,0,0,0,MYD88_A2A8L1_x1_2,2,2
MYD88_A2A8L1_x1,2,model_2_multimer_v2_p1_230330_807238_recycled_13,13.05,44.58,0.4145,0,0,0,0,MYD88_A2A8L1_x1_2,2,2
MYD88_A2A8L1_x1,2,model_2_multimer_v2_p1_230330_807238_recycled_14,15.82,44.73,0.4149,0.0336,1e-04,14,14,MYD88_A2A8L1_x1_2,2,2
MYD88_A2A8L1_x1,2,model_2_multimer_v2_p1_230330_807238_recycled_15,15.62,45.01,0.4155,0,0,0,0,MYD88_A2A8L1_x1_2,2,2
MYD88_A2A8L1_x1,2,model_2_multimer_v2_p1_230330_807238_recycled_16,14.77,45.13,0.4155,0,0,0,0,MYD88_A2A8L1_x1_2,2,2
MYD88_A2A8L1_x1,2,model_2_multimer_v2_p1_230330_807238_recycled_17,14.14,44.66,0.4148,0,0,0,0,MYD88_A2A8L1_x1_2,2,2
MYD88_A2A8L1_x1,2,model_2_multimer_v2_p1_230330_807238_recycled_18,25.73,44.47,0.4143,0,0,0,0,MYD88_A2A8L1_x1_2,2,2
MYD88_A2A8L1_x1,2,model_2_multimer_v2_p1_230330_807238_recycled_19,21.03,44.6,0.4162,0,0,0,0,MYD88_A2A8L1_x1_2,2,2
MYD88_A2A8L1_x1,3,model_3_multimer_v2_p1_230330_241649,8.371,50.61,0.4148,0,0,0,0,MYD88_A2A8L1_x1_3,2,2
MYD88_A2A8L1_x1,3,model_3_multimer_v2_p1_230330_241649_recycled_00,9999,45.71,0.412,0,0,0,0,MYD88_A2A8L1_x1_3,2,2
MYD88_A2A8L1_x1,3,model_3_multimer_v2_p1_230330_241649_recycled_01,136.25,47.84,0.4163,0,0,0,0,MYD88_A2A8L1_x1_3,2,2
MYD88_A2A8L1_x1,3,model_3_multimer_v2_p1_230330_241649_recycled_02,32.42,48.51,0.4149,0,0,0,0,MYD88_A2A8L1_x1_3,2,2
MYD88_A2A8L1_x1,3,model_3_multimer_v2_p1_230330_241649_recycled_03,28.56,48.92,0.4155,0,0,0,0,MYD88_A2A8L1_x1_3,2,2
MYD88_A2A8L1_x1,3,model_3_multimer_v2_p1_230330_241649_recycled_04,20.33,49.24,0.4144,0,0,0,0,MYD88_A2A8L1_x1_3,2,2
MYD88_A2A8L1_x1,3,model_3_multimer_v2_p1_230330_241649_recycled_05,13.23,49.21,0.4156,0,0,0,0,MYD88_A2A8L1_x1_3,2,2
MYD88_A2A8L1_x1,3,model_3_multimer_v2_p1_230330_241649_recycled_06,12.62,49.38,0.4161,0,0,0,0,MYD88_A2A8L1_x1_3,2,2
MYD88_A2A8L1_x1,3,model_3_multimer_v2_p1_230330_241649_recycled_07,14.56,49.45,0.4153,0,0,0,0,MYD88_A2A8L1_x1_3,2,2
MYD88_A2A8L1_x1,3,model_3_multimer_v2_p1_230330_241649_recycled_08,11.97,49.52,0.4145,0,0,0,0,MYD88_A2A8L1_x1_3,2,2
MYD88_A2A8L1_x1,3,model_3_multimer_v2_p1_230330_241649_recycled_09,9.02,49.8,0.4154,0,0,0,0,MYD88_A2A8L1_x1_3,2,2
MYD88_A2A8L1_x1,3,model_3_multimer_v2_p1_230330_241649_recycled_10,10.17,50.2,0.4165,0,0,0,0,MYD88_A2A8L1_x1_3,2,2
MYD88_A2A8L1_x1,3,model_3_multimer_v2_p1_230330_241649_recycled_11,11.29,50.15,0.416,0,0,0,0,MYD88_A2A8L1_x1_3,2,2
MYD88_A2A8L1_x1,3,model_3_multimer_v2_p1_230330_241649_recycled_12,8.86,50.02,0.4153,0,0,0,0,MYD88_A2A8L1_x1_3,2,2
MYD88_A2A8L1_x1,3,model_3_multimer_v2_p1_230330_241649_recycled_13,6.06,50.36,0.4164,0,0,0,0,MYD88_A2A8L1_x1_3,2,2
MYD88_A2A8L1_x1,3,model_3_multimer_v2_p1_230330_241649_recycled_14,5.58,50.32,0.4147,0,0,0,0,MYD88_A2A8L1_x1_3,2,2
MYD88_A2A8L1_x1,3,model_3_multimer_v2_p1_230330_241649_recycled_15,7.27,50.65,0.415,0,0,0,0,MYD88_A2A8L1_x1_3,2,2
MYD88_A2A8L1_x1,3,model_3_multimer_v2_p1_230330_241649_recycled_16,8.15,50.53,0.4143,0,0,0,0,MYD88_A2A8L1_x1_3,2,2
MYD88_A2A8L1_x1,3,model_3_multimer_v2_p1_230330_241649_recycled_17,8,50.59,0.4147,0,0,0,0,MYD88_A2A8L1_x1_3,2,2
MYD88_A2A8L1_x1,3,model_3_multimer_v2_p1_230330_241649_recycled_18,7.76,50.57,0.4149,0,0,0,0,MYD88_A2A8L1_x1_3,2,2
MYD88_A2A8L1_x1,3,model_3_multimer_v2_p1_230330_241649_recycled_19,9.68,50.78,0.4151,0,0,0,0,MYD88_A2A8L1_x1_3,2,2
MYD88_A2A8L1_x1,4,model_4_multimer_v2_p1_230330_135085,7.372,51.62,0.4185,0,0,0,0,MYD88_A2A8L1_x1_4,2,2
MYD88_A2A8L1_x1,4,model_4_multimer_v2_p1_230330_135085_recycled_00,9999,46.23,0.3937,0,0,0,0,MYD88_A2A8L1_x1_4,2,2
MYD88_A2A8L1_x1,4,model_4_multimer_v2_p1_230330_135085_recycled_01,108.11,49.15,0.4039,0,0,0,0,MYD88_A2A8L1_x1_4,2,2
MYD88_A2A8L1_x1,4,model_4_multimer_v2_p1_230330_135085_recycled_02,24.19,49.46,0.4093,0,0,0,0,MYD88_A2A8L1_x1_4,2,2
MYD88_A2A8L1_x1,4,model_4_multimer_v2_p1_230330_135085_recycled_03,15.67,50.3,0.4127,0,0,0,0,MYD88_A2A8L1_x1_4,2,2
MYD88_A2A8L1_x1,4,model_4_multimer_v2_p1_230330_135085_recycled_04,12.78,50.55,0.4165,0,0,0,0,MYD88_A2A8L1_x1_4,2,2
MYD88_A2A8L1_x1,4,model_4_multimer_v2_p1_230330_135085_recycled_05,11.52,50.37,0.4164,0,0,0,0,MYD88_A2A8L1_x1_4,2,2
MYD88_A2A8L1_x1,4,model_4_multimer_v2_p1_230330_135085_recycled_06,12,50.44,0.4162,0,0,0,0,MYD88_A2A8L1_x1_4,2,2
MYD88_A2A8L1_x1,4,model_4_multimer_v2_p1_230330_135085_recycled_07,12.24,50.69,0.417,0,0,0,0,MYD88_A2A8L1_x1_4,2,2
MYD88_A2A8L1_x1,4,model_4_multimer_v2_p1_230330_135085_recycled_08,10.15,50.76,0.4177,0,0,0,0,MYD88_A2A8L1_x1_4,2,2
MYD88_A2A8L1_x1,4,model_4_multimer_v2_p1_230330_135085_recycled_09,8.01,51.21,0.4183,0,0,0,0,MYD88_A2A8L1_x1_4,2,2
MYD88_A2A8L1_x1,4,model_4_multimer_v2_p1_230330_135085_recycled_10,12.23,51.12,0.4182,0,0,0,0,MYD88_A2A8L1_x1_4,2,2
MYD88_A2A8L1_x1,4,model_4_multimer_v2_p1_230330_135085_recycled_11,10.07,51.18,0.4177,0,0,0,0,MYD88_A2A8L1_x1_4,2,2
MYD88_A2A8L1_x1,4,model_4_multimer_v2_p1_230330_135085_recycled_12,10.62,51.35,0.4185,0,0,0,0,MYD88_A2A8L1_x1_4,2,2
MYD88_A2A8L1_x1,4,model_4_multimer_v2_p1_230330_135085_recycled_13,10.32,51.27,0.4179,0,0,0,0,MYD88_A2A8L1_x1_4,2,2
MYD88_A2A8L1_x1,4,model_4_multimer_v2_p1_230330_135085_recycled_14,7.93,51.22,0.418,0,0,0,0,MYD88_A2A8L1_x1_4,2,2
MYD88_A2A8L1_x1,4,model_4_multimer_v2_p1_230330_135085_recycled_15,7.71,51.37,0.4179,0,0,0,0,MYD88_A2A8L1_x1_4,2,2
MYD88_A2A8L1_x1,4,model_4_multimer_v2_p1_230330_135085_recycled_16,8.29,51.3,0.4172,0,0,0,0,MYD88_A2A8L1_x1_4,2,2
MYD88_A2A8L1_x1,4,model_4_multimer_v2_p1_230330_135085_recycled_17,7.74,51.34,0.4169,0,0,0,0,MYD88_A2A8L1_x1_4,2,2
MYD88_A2A8L1_x1,4,model_4_multimer_v2_p1_230330_135085_recycled_18,8.19,51.53,0.4177,0,0,0,0,MYD88_A2A8L1_x1_4,2,2
MYD88_A2A8L1_x1,4,model_4_multimer_v2_p1_230330_135085_recycled_19,8.43,51.66,0.4185,0,0,0,0,MYD88_A2A8L1_x1_4,2,2
MYD88_A2A8L1_x1,5,model_5_multimer_v2_p1_230330_987467,18.875,48.16,0.4265,0.022,1e-04,16,19,MYD88_A2A8L1_x1_5,1,2
MYD88_A2A8L1_x1,5,model_5_multimer_v2_p1_230330_987467_recycled_00,9999,46.12,0.4122,0,0,0,0,MYD88_A2A8L1_x1_5,1,2
MYD88_A2A8L1_x1,5,model_5_multimer_v2_p1_230330_987467_recycled_01,104.55,47.35,0.4177,0,0,0,0,MYD88_A2A8L1_x1_5,1,2
MYD88_A2A8L1_x1,5,model_5_multimer_v2_p1_230330_987467_recycled_02,30.49,48.21,0.4208,0,0,0,0,MYD88_A2A8L1_x1_5,1,2
MYD88_A2A8L1_x1,5,model_5_multimer_v2_p1_230330_987467_recycled_03,18.61,48.24,0.4208,0,0,0,0,MYD88_A2A8L1_x1_5,1,2
MYD88_A2A8L1_x1,5,model_5_multimer_v2_p1_230330_987467_recycled_04,18.77,48.15,0.4218,0,0,0,0,MYD88_A2A8L1_x1_5,1,2
MYD88_A2A8L1_x1,5,model_5_multimer_v2_p1_230330_987467_recycled_05,26.14,47.67,0.4221,0,0,0,0,MYD88_A2A8L1_x1_5,1,2
MYD88_A2A8L1_x1,5,model_5_multimer_v2_p1_230330_987467_recycled_06,31.93,47.84,0.4241,0.0023,0,3,2,MYD88_A2A8L1_x1_5,1,2
MYD88_A2A8L1_x1,5,model_5_multimer_v2_p1_230330_987467_recycled_07,22.13,48.28,0.4259,0.016,1e-04,11,16,MYD88_A2A8L1_x1_5,1,2
MYD88_A2A8L1_x1,5,model_5_multimer_v2_p1_230330_987467_recycled_08,18.88,48.19,0.4255,0,0,0,0,MYD88_A2A8L1_x1_5,1,2
MYD88_A2A8L1_x1,5,model_5_multimer_v2_p1_230330_987467_recycled_09,18.13,48.1,0.4244,0.0111,0,8,7,MYD88_A2A8L1_x1_5,1,2
MYD88_A2A8L1_x1,5,model_5_multimer_v2_p1_230330_987467_recycled_10,18.32,48.46,0.4257,0.0032,0,3,2,MYD88_A2A8L1_x1_5,1,2
MYD88_A2A8L1_x1,5,model_5_multimer_v2_p1_230330_987467_recycled_11,15.04,48.06,0.4271,0.0289,1e-04,18,29,MYD88_A2A8L1_x1_5,1,2
MYD88_A2A8L1_x1,5,model_5_multimer_v2_p1_230330_987467_recycled_12,15.86,47.91,0.426,0.0264,1e-04,16,23,MYD88_A2A8L1_x1_5,1,2
MYD88_A2A8L1_x1,5,model_5_multimer_v2_p1_230330_987467_recycled_13,20.35,48.1,0.4256,0.0784,4e-04,22,40,MYD88_A2A8L1_x1_5,1,2
MYD88_A2A8L1_x1,5,model_5_multimer_v2_p1_230330_987467_recycled_14,19.08,48.07,0.4259,0,0,0,0,MYD88_A2A8L1_x1_5,1,2
MYD88_A2A8L1_x1,5,model_5_multimer_v2_p1_230330_987467_recycled_15,15.84,48.43,0.4259,0,0,0,0,MYD88_A2A8L1_x1_5,1,2
MYD88_A2A8L1_x1,5,model_5_multimer_v2_p1_230330_987467_recycled_16,15.33,48.37,0.4259,0,0,0,0,MYD88_A2A8L1_x1_5,1,2
MYD88_A2A8L1_x1,5,model_5_multimer_v2_p1_230330_987467_recycled_17,17.66,48.17,0.4257,0,0,0,0,MYD88_A2A8L1_x1_5,1,2
MYD88_A2A8L1_x1,5,model_5_multimer_v2_p1_230330_987467_recycled_18,18.65,48.08,0.4258,0,0,0,0,MYD88_A2A8L1_x1_5,1,2
MYD88_A2A8L1_x1,5,model_5_multimer_v2_p1_230330_987467_recycled_19,18.42,48.19,0.4253,0.0517,1e-04,18,28,MYD88_A2A8L1_x1_5,1,2
MYD88_B7ZMP1_x1,1,model_1_multimer_v2_p1_230329_945970,3.263,83.29,0.6285,0.0668,0.0018,21,15,MYD88_B7ZMP1_x1_1,1,2
MYD88_B7ZMP1_x1,1,model_1_multimer_v2_p1_230329_945970_recycled_00,9999,81.23,0.6116,0.3308,0.0055,30,39,MYD88_B7ZMP1_x1_1,1,2
MYD88_B7ZMP1_x1,1,model_1_multimer_v2_p1_230329_945970_recycled_01,54.97,82.79,0.6016,0,0,0,0,MYD88_B7ZMP1_x1_1,1,2
MYD88_B7ZMP1_x1,1,model_1_multimer_v2_p1_230329_945970_recycled_02,9.09,82.96,0.6076,0,0,0,0,MYD88_B7ZMP1_x1_1,1,2
MYD88_B7ZMP1_x1,1,model_1_multimer_v2_p1_230329_945970_recycled_03,12.89,83.1,0.6175,0.0188,2e-04,9,6,MYD88_B7ZMP1_x1_1,1,2
MYD88_B7ZMP1_x1,1,model_1_multimer_v2_p1_230329_945970_recycled_04,7.1,83.03,0.6317,0.2389,0.0117,28,23,MYD88_B7ZMP1_x1_1,1,2
MYD88_B7ZMP1_x1,1,model_1_multimer_v2_p1_230329_945970_recycled_05,2.45,83.21,0.6184,0.0388,7e-04,16,14,MYD88_B7ZMP1_x1_1,1,2
MYD88_B7ZMP1_x1,1,model_1_multimer_v2_p1_230329_945970_recycled_06,2.07,83.09,0.6229,0.0524,0.0012,19,14,MYD88_B7ZMP1_x1_1,1,2
MYD88_B7ZMP1_x1,1,model_1_multimer_v2_p1_230329_945970_recycled_07,2.85,83.53,0.6165,0.0466,8e-04,16,12,MYD88_B7ZMP1_x1_1,1,2
MYD88_B7ZMP1_x1,1,model_1_multimer_v2_p1_230329_945970_recycled_08,2,83.09,0.6196,0.0379,8e-04,17,13,MYD88_B7ZMP1_x1_1,1,2
MYD88_B7ZMP1_x1,1,model_1_multimer_v2_p1_230329_945970_recycled_09,1.97,83.55,0.6132,0.0056,0,4,3,MYD88_B7ZMP1_x1_1,1,2
MYD88_B7ZMP1_x1,1,model_1_multimer_v2_p1_230329_945970_recycled_10,2.1,83.33,0.6192,0.0108,1e-04,7,5,MYD88_B7ZMP1_x1_1,1,2
MYD88_B7ZMP1_x1,1,model_1_multimer_v2_p1_230329_945970_recycled_11,1.63,83.27,0.6122,0.0205,3e-04,12,9,MYD88_B7ZMP1_x1_1,1,2
MYD88_B7ZMP1_x1,1,model_1_multimer_v2_p1_230329_945970_recycled_12,1.87,83.02,0.6158,0.0591,0.0011,19,15,MYD88_B7ZMP1_x1_1,1,2
MYD88_B7ZMP1_x1,1,model_1_multimer_v2_p1_230329_945970_recycled_13,1.83,83.28,0.6143,0.0224,5e-04,12,10,MYD88_B7ZMP1_x1_1,1,2
MYD88_B7ZMP1_x1,1,model_1_multimer_v2_p1_230329_945970_recycled_14,1.87,82.98,0.6151,0.0597,0.0013,19,16,MYD88_B7ZMP1_x1_1,1,2
MYD88_B7ZMP1_x1,1,model_1_multimer_v2_p1_230329_945970_recycled_15,1.82,82.95,0.6123,0.0504,0.001,17,14,MYD88_B7ZMP1_x1_1,1,2
MYD88_B7ZMP1_x1,1,model_1_multimer_v2_p1_230329_945970_recycled_16,0.98,82.59,0.618,0.1845,0.0066,26,20,MYD88_B7ZMP1_x1_1,1,2
MYD88_B7ZMP1_x1,1,model_1_multimer_v2_p1_230329_945970_recycled_17,1.87,83.04,0.6143,0.0479,9e-04,17,14,MYD88_B7ZMP1_x1_1,1,2
MYD88_B7ZMP1_x1,1,model_1_multimer_v2_p1_230329_945970_recycled_18,2.11,82.87,0.6215,0.1742,0.0061,25,20,MYD88_B7ZMP1_x1_1,1,2
MYD88_B7ZMP1_x1,1,model_1_multimer_v2_p1_230329_945970_recycled_19,2.24,83.57,0.619,0.0731,0.0013,21,18,MYD88_B7ZMP1_x1_1,1,2
MYD88_B7ZMP1_x1,2,model_2_multimer_v2_p1_230329_027308,2.308,84,0.6278,0.0653,0.0022,19,14,MYD88_B7ZMP1_x1_2,1,2
MYD88_B7ZMP1_x1,2,model_2_multimer_v2_p1_230329_027308_recycled_00,9999,81.91,0.6061,0,0,0,0,MYD88_B7ZMP1_x1_2,1,2
MYD88_B7ZMP1_x1,2,model_2_multimer_v2_p1_230329_027308_recycled_01,62.7,83.67,0.6118,0.0014,0,2,1,MYD88_B7ZMP1_x1_2,1,2
MYD88_B7ZMP1_x1,2,model_2_multimer_v2_p1_230329_027308_recycled_02,7.38,84.07,0.6178,0.0014,0,2,1,MYD88_B7ZMP1_x1_2,1,2
MYD88_B7ZMP1_x1,2,model_2_multimer_v2_p1_230329_027308_recycled_03,3.11,83.99,0.6277,0.0205,7e-04,12,7,MYD88_B7ZMP1_x1_2,1,2
MYD88_B7ZMP1_x1,2,model_2_multimer_v2_p1_230329_027308_recycled_04,6.11,84.08,0.6223,0.0143,3e-04,9,6,MYD88_B7ZMP1_x1_2,1,2
MYD88_B7ZMP1_x1,2,model_2_multimer_v2_p1_230329_027308_recycled_05,1.1,84.25,0.6273,0.0236,8e-04,12,7,MYD88_B7ZMP1_x1_2,1,2
MYD88_B7ZMP1_x1,2,model_2_multimer_v2_p1_230329_027308_recycled_06,1.88,83.89,0.6253,0.0236,6e-04,11,7,MYD88_B7ZMP1_x1_2,1,2
MYD88_B7ZMP1_x1,2,model_2_multimer_v2_p1_230329_027308_recycled_07,1.5,83.78,0.6233,0.0216,4e-04,11,6,MYD88_B7ZMP1_x1_2,1,2
MYD88_B7ZMP1_x1,2,model_2_multimer_v2_p1_230329_027308_recycled_08,0.85,84.03,0.6232,0.0416,0.002,15,10,MYD88_B7ZMP1_x1_2,1,2
MYD88_B7ZMP1_x1,2,model_2_multimer_v2_p1_230329_027308_recycled_09,2.58,84.26,0.6262,0.0721,0.0029,20,16,MYD88_B7ZMP1_x1_2,1,2
MYD88_B7ZMP1_x1,2,model_2_multimer_v2_p1_230329_027308_recycled_10,1.27,84.47,0.6352,0.0491,0.0031,16,10,MYD88_B7ZMP1_x1_2,1,2
MYD88_B7ZMP1_x1,2,model_2_multimer_v2_p1_230329_027308_recycled_11,1.36,84.48,0.6334,0.0598,0.0027,19,13,MYD88_B7ZMP1_x1_2,1,2
MYD88_B7ZMP1_x1,2,model_2_multimer_v2_p1_230329_027308_recycled_12,1.3,84.63,0.6429,0.0647,0.0057,20,16,MYD88_B7ZMP1_x1_2,1,2
MYD88_B7ZMP1_x1,2,model_2_multimer_v2_p1_230329_027308_recycled_13,0.82,84.91,0.6468,0.1329,0.0122,23,17,MYD88_B7ZMP1_x1_2,1,2
MYD88_B7ZMP1_x1,2,model_2_multimer_v2_p1_230329_027308_recycled_14,0.89,84.89,0.6493,0.1676,0.0165,24,17,MYD88_B7ZMP1_x1_2,1,2
MYD88_B7ZMP1_x1,2,model_2_multimer_v2_p1_230329_027308_recycled_15,0.57,84.64,0.6336,0.034,0.001,13,9,MYD88_B7ZMP1_x1_2,1,2
MYD88_B7ZMP1_x1,2,model_2_multimer_v2_p1_230329_027308_recycled_16,1.63,84.39,0.6338,0.041,0.0022,16,9,MYD88_B7ZMP1_x1_2,1,2
MYD88_B7ZMP1_x1,2,model_2_multimer_v2_p1_230329_027308_recycled_17,1.93,84.22,0.6275,0.0503,0.0016,16,11,MYD88_B7ZMP1_x1_2,1,2
MYD88_B7ZMP1_x1,2,model_2_multimer_v2_p1_230329_027308_recycled_18,3.43,83.85,0.6232,0.0215,3e-04,10,6,MYD88_B7ZMP1_x1_2,1,2
MYD88_B7ZMP1_x1,2,model_2_multimer_v2_p1_230329_027308_recycled_19,2.38,84,0.6221,0.0211,4e-04,10,6,MYD88_B7ZMP1_x1_2,1,2
MYD88_B7ZMP1_x1,3,model_3_multimer_v2_p1_230329_725634,1.109,85.1,0.6301,0.0191,8e-04,11,6,MYD88_B7ZMP1_x1_3,2,2
MYD88_B7ZMP1_x1,3,model_3_multimer_v2_p1_230329_725634_recycled_00,9999,81.03,0.6165,0.022,1e-04,11,9,MYD88_B7ZMP1_x1_3,2,2
MYD88_B7ZMP1_x1,3,model_3_multimer_v2_p1_230329_725634_recycled_01,53.21,83.38,0.6111,0.0092,3e-04,6,5,MYD88_B7ZMP1_x1_3,2,2
MYD88_B7ZMP1_x1,3,model_3_multimer_v2_p1_230329_725634_recycled_02,14.72,84.03,0.6159,0.0044,1e-04,5,3,MYD88_B7ZMP1_x1_3,2,2
MYD88_B7ZMP1_x1,3,model_3_multimer_v2_p1_230329_725634_recycled_03,1.58,83.8,0.6118,0,0,0,0,MYD88_B7ZMP1_x1_3,2,2
MYD88_B7ZMP1_x1,3,model_3_multimer_v2_p1_230329_725634_recycled_04,3.14,83.83,0.6119,0,0,0,0,MYD88_B7ZMP1_x1_3,2,2
MYD88_B7ZMP1_x1,3,model_3_multimer_v2_p1_230329_725634_recycled_05,0.92,84.37,0.6121,0,0,0,0,MYD88_B7ZMP1_x1_3,2,2
MYD88_B7ZMP1_x1,3,model_3_multimer_v2_p1_230329_725634_recycled_06,1.02,84.76,0.6184,0.0044,1e-04,5,3,MYD88_B7ZMP1_x1_3,2,2
MYD88_B7ZMP1_x1,3,model_3_multimer_v2_p1_230329_725634_recycled_07,3.05,85.09,0.6303,0.0371,0.0016,15,8,MYD88_B7ZMP1_x1_3,2,2
MYD88_B7ZMP1_x1,3,model_3_multimer_v2_p1_230329_725634_recycled_08,1.75,84.9,0.6272,0.0281,8e-04,12,6,MYD88_B7ZMP1_x1_3,2,2
MYD88_B7ZMP1_x1,3,model_3_multimer_v2_p1_230329_725634_recycled_09,0.94,85.21,0.6315,0.0449,0.0035,16,10,MYD88_B7ZMP1_x1_3,2,2
MYD88_B7ZMP1_x1,3,model_3_multimer_v2_p1_230329_725634_recycled_10,1.03,85.2,0.6271,0.0326,0.0013,12,7,MYD88_B7ZMP1_x1_3,2,2
MYD88_B7ZMP1_x1,3,model_3_multimer_v2_p1_230329_725634_recycled_11,0.61,84.79,0.6227,0.0127,4e-04,8,4,MYD88_B7ZMP1_x1_3,2,2
MYD88_B7ZMP1_x1,3,model_3_multimer_v2_p1_230329_725634_recycled_12,0.93,84.71,0.6227,0.0127,4e-04,8,4,MYD88_B7ZMP1_x1_3,2,2
MYD88_B7ZMP1_x1,3,model_3_multimer_v2_p1_230329_725634_recycled_13,0.7,84.71,0.6224,0.007,1e-04,6,3,MYD88_B7ZMP1_x1_3,2,2
MYD88_B7ZMP1_x1,3,model_3_multimer_v2_p1_230329_725634_recycled_14,0.77,84.74,0.6158,0.0014,0,2,1,MYD88_B7ZMP1_x1_3,2,2
MYD88_B7ZMP1_x1,3,model_3_multimer_v2_p1_230329_725634_recycled_15,0.84,84.43,0.6142,0,0,0,0,MYD88_B7ZMP1_x1_3,2,2
MYD88_B7ZMP1_x1,3,model_3_multimer_v2_p1_230329_725634_recycled_16,2.21,84.47,0.617,0.0014,0,2,1,MYD88_B7ZMP1_x1_3,2,2
MYD88_B7ZMP1_x1,3,model_3_multimer_v2_p1_230329_725634_recycled_17,1.35,84.5,0.6242,0.0067,1e-04,6,3,MYD88_B7ZMP1_x1_3,2,2
MYD88_B7ZMP1_x1,3,model_3_multimer_v2_p1_230329_725634_recycled_18,1.84,84.93,0.6193,0.0128,3e-04,8,4,MYD88_B7ZMP1_x1_3,2,2
MYD88_B7ZMP1_x1,3,model_3_multimer_v2_p1_230329_725634_recycled_19,1.14,84.8,0.6219,0.0069,1e-04,6,3,MYD88_B7ZMP1_x1_3,2,2
MYD88_B7ZMP1_x1,4,model_4_multimer_v2_p1_230329_978438,0.7,85.26,0.6437,0,0,0,0,MYD88_B7ZMP1_x1_4,2,2
MYD88_B7ZMP1_x1,4,model_4_multimer_v2_p1_230329_978438_recycled_00,9999,82.41,0.6115,0.035,6e-04,14,12,MYD88_B7ZMP1_x1_4,2,2
MYD88_B7ZMP1_x1,4,model_4_multimer_v2_p1_230329_978438_recycled_01,57.11,83.31,0.619,0.0424,0.006,15,15,MYD88_B7ZMP1_x1_4,2,2
MYD88_B7ZMP1_x1,4,model_4_multimer_v2_p1_230329_978438_recycled_02,6.06,83.3,0.6055,0,0,0,0,MYD88_B7ZMP1_x1_4,2,2
MYD88_B7ZMP1_x1,4,model_4_multimer_v2_p1_230329_978438_recycled_03,3.95,83.69,0.6052,0,0,0,0,MYD88_B7ZMP1_x1_4,2,2
MYD88_B7ZMP1_x1,4,model_4_multimer_v2_p1_230329_978438_recycled_04,3.02,83.68,0.606,0.0014,0,2,1,MYD88_B7ZMP1_x1_4,2,2
MYD88_B7ZMP1_x1,4,model_4_multimer_v2_p1_230329_978438_recycled_05,1.87,83.74,0.6061,0.0099,1e-04,7,5,MYD88_B7ZMP1_x1_4,2,2
MYD88_B7ZMP1_x1,4,model_4_multimer_v2_p1_230329_978438_recycled_06,1.19,84.19,0.6074,0.0076,1e-04,7,4,MYD88_B7ZMP1_x1_4,2,2
MYD88_B7ZMP1_x1,4,model_4_multimer_v2_p1_230329_978438_recycled_07,1,84.25,0.6068,0.0057,0,4,3,MYD88_B7ZMP1_x1_4,2,2
MYD88_B7ZMP1_x1,4,model_4_multimer_v2_p1_230329_978438_recycled_08,1.31,84.09,0.6059,0.0056,0,4,3,MYD88_B7ZMP1_x1_4,2,2
MYD88_B7ZMP1_x1,4,model_4_multimer_v2_p1_230329_978438_recycled_09,2.48,83.78,0.6117,0,0,0,0,MYD88_B7ZMP1_x1_4,2,2
MYD88_B7ZMP1_x1,4,model_4_multimer_v2_p1_230329_978438_recycled_10,9.09,84.7,0.6205,0,0,0,0,MYD88_B7ZMP1_x1_4,2,2
MYD88_B7ZMP1_x1,4,model_4_multimer_v2_p1_230329_978438_recycled_11,6.14,84.85,0.6346,0,0,0,0,MYD88_B7ZMP1_x1_4,2,2
MYD88_B7ZMP1_x1,4,model_4_multimer_v2_p1_230329_978438_recycled_12,2.16,84.93,0.6387,0,0,0,0,MYD88_B7ZMP1_x1_4,2,2
MYD88_B7ZMP1_x1,4,model_4_multimer_v2_p1_230329_978438_recycled_13,1.1,84.92,0.6418,0,0,0,0,MYD88_B7ZMP1_x1_4,2,2
MYD88_B7ZMP1_x1,4,model_4_multimer_v2_p1_230329_978438_recycled_14,1.32,84.95,0.6402,0,0,0,0,MYD88_B7ZMP1_x1_4,2,2
MYD88_B7ZMP1_x1,4,model_4_multimer_v2_p1_230329_978438_recycled_15,0.53,84.98,0.6415,0,0,0,0,MYD88_B7ZMP1_x1_4,2,2
MYD88_B7ZMP1_x1,4,model_4_multimer_v2_p1_230329_978438_recycled_16,0.77,85.04,0.6469,0.0014,0,2,1,MYD88_B7ZMP1_x1_4,2,2
MYD88_B7ZMP1_x1,4,model_4_multimer_v2_p1_230329_978438_recycled_17,0.95,85.03,0.6427,0,0,0,0,MYD88_B7ZMP1_x1_4,2,2
MYD88_B7ZMP1_x1,4,model_4_multimer_v2_p1_230329_978438_recycled_18,1.25,85.01,0.6443,0.0014,0,2,1,MYD88_B7ZMP1_x1_4,2,2
MYD88_B7ZMP1_x1,4,model_4_multimer_v2_p1_230329_978438_recycled_19,0.96,85.06,0.6401,0,0,0,0,MYD88_B7ZMP1_x1_4,2,2
MYD88_B7ZMP1_x1,5,model_5_multimer_v2_p1_230330_842390,1.144,84.71,0.7128,0.5798,0.3828,65,59,MYD88_B7ZMP1_x1_5,1,2
MYD88_B7ZMP1_x1,5,model_5_multimer_v2_p1_230330_842390_recycled_00,9999,79.2,0.6245,0.3355,0.0217,38,43,MYD88_B7ZMP1_x1_5,1,2
MYD88_B7ZMP1_x1,5,model_5_multimer_v2_p1_230330_842390_recycled_01,54.07,81.64,0.6204,0.0423,5e-04,14,12,MYD88_B7ZMP1_x1_5,1,2
MYD88_B7ZMP1_x1,5,model_5_multimer_v2_p1_230330_842390_recycled_02,11.11,81.59,0.6166,0.0279,5e-04,12,10,MYD88_B7ZMP1_x1_5,1,2
MYD88_B7ZMP1_x1,5,model_5_multimer_v2_p1_230330_842390_recycled_03,10.16,82.35,0.6158,0.0262,5e-04,13,13,MYD88_B7ZMP1_x1_5,1,2
MYD88_B7ZMP1_x1,5,model_5_multimer_v2_p1_230330_842390_recycled_04,1.49,82.53,0.6279,0.2895,0.0577,32,32,MYD88_B7ZMP1_x1_5,1,2
MYD88_B7ZMP1_x1,5,model_5_multimer_v2_p1_230330_842390_recycled_05,4.22,82.76,0.6321,0.3123,0.0661,33,27,MYD88_B7ZMP1_x1_5,1,2
MYD88_B7ZMP1_x1,5,model_5_multimer_v2_p1_230330_842390_recycled_06,2.57,83.64,0.6622,0.5274,0.2691,47,43,MYD88_B7ZMP1_x1_5,1,2
MYD88_B7ZMP1_x1,5,model_5_multimer_v2_p1_230330_842390_recycled_07,1.76,84.01,0.6838,0.5704,0.3457,55,54,MYD88_B7ZMP1_x1_5,1,2
MYD88_B7ZMP1_x1,5,model_5_multimer_v2_p1_230330_842390_recycled_08,1.01,84.51,0.6969,0.5738,0.3728,65,60,MYD88_B7ZMP1_x1_5,1,2
MYD88_B7ZMP1_x1,5,model_5_multimer_v2_p1_230330_842390_recycled_09,1.35,84.3,0.698,0.5792,0.371,66,59,MYD88_B7ZMP1_x1_5,1,2
MYD88_B7ZMP1_x1,5,model_5_multimer_v2_p1_230330_842390_recycled_10,0.73,84.49,0.7055,0.5823,0.3754,66,60,MYD88_B7ZMP1_x1_5,1,2
MYD88_B7ZMP1_x1,5,model_5_multimer_v2_p1_230330_842390_recycled_11,0.45,84.45,0.7054,0.592,0.3916,68,61,MYD88_B7ZMP1_x1_5,1,2
MYD88_B7ZMP1_x1,5,model_5_multimer_v2_p1_230330_842390_recycled_12,0.48,84.34,0.6982,0.5736,0.3653,62,56,MYD88_B7ZMP1_x1_5,1,2
MYD88_B7ZMP1_x1,5,model_5_multimer_v2_p1_230330_842390_recycled_13,0.65,84.53,0.6954,0.5836,0.3649,63,56,MYD88_B7ZMP1_x1_5,1,2
MYD88_B7ZMP1_x1,5,model_5_multimer_v2_p1_230330_842390_recycled_14,0.56,84.52,0.7047,0.588,0.3804,63,57,MYD88_B7ZMP1_x1_5,1,2
MYD88_B7ZMP1_x1,5,model_5_multimer_v2_p1_230330_842390_recycled_15,0.92,84.51,0.6988,0.5791,0.3684,60,54,MYD88_B7ZMP1_x1_5,1,2
MYD88_B7ZMP1_x1,5,model_5_multimer_v2_p1_230330_842390_recycled_16,2,84.42,0.7001,0.5833,0.373,67,58,MYD88_B7ZMP1_x1_5,1,2
MYD88_B7ZMP1_x1,5,model_5_multimer_v2_p1_230330_842390_recycled_17,0.88,84.34,0.7011,0.5789,0.3572,63,57,MYD88_B7ZMP1_x1_5,1,2
MYD88_B7ZMP1_x1,5,model_5_multimer_v2_p1_230330_842390_recycled_18,1.14,84.34,0.7033,0.5667,0.3558,65,57,MYD88_B7ZMP1_x1_5,1,2
MYD88_B7ZMP1_x1,5,model_5_multimer_v2_p1_230330_842390_recycled_19,0.55,84.27,0.7061,0.5805,0.3729,63,56,MYD88_B7ZMP1_x1_5,1,2
MYD88_D3Z6Q9_x1,1,model_1_multimer_v2_p1_230328_912850,17.834,64.28,0.3532,0,0,0,0,MYD88_D3Z6Q9_x1_1,2,2
MYD88_D3Z6Q9_x1,1,model_1_multimer_v2_p1_230328_912850_recycled_00,9999,60.17,0.323,0,0,0,0,MYD88_D3Z6Q9_x1_1,2,2
MYD88_D3Z6Q9_x1,1,model_1_multimer_v2_p1_230328_912850_recycled_01,116.59,62.63,0.3476,0.0014,0,2,1,MYD88_D3Z6Q9_x1_1,2,2
MYD88_D3Z6Q9_x1,1,model_1_multimer_v2_p1_230328_912850_recycled_02,45.53,62.78,0.3315,0.008,0,5,4,MYD88_D3Z6Q9_x1_1,2,2
MYD88_D3Z6Q9_x1,1,model_1_multimer_v2_p1_230328_912850_recycled_03,26.31,63.1,0.3362,0,0,0,0,MYD88_D3Z6Q9_x1_1,2,2
MYD88_D3Z6Q9_x1,1,model_1_multimer_v2_p1_230328_912850_recycled_04,24.84,63.47,0.3392,0,0,0,0,MYD88_D3Z6Q9_x1_1,2,2
MYD88_D3Z6Q9_x1,1,model_1_multimer_v2_p1_230328_912850_recycled_05,15.15,63.63,0.3424,0.0034,0,3,2,MYD88_D3Z6Q9_x1_1,2,2
MYD88_D3Z6Q9_x1,1,model_1_multimer_v2_p1_230328_912850_recycled_06,22.17,63.77,0.3445,0.0033,0,3,2,MYD88_D3Z6Q9_x1_1,2,2
MYD88_D3Z6Q9_x1,1,model_1_multimer_v2_p1_230328_912850_recycled_07,9.73,64.24,0.3445,0,0,0,0,MYD88_D3Z6Q9_x1_1,2,2
MYD88_D3Z6Q9_x1,1,model_1_multimer_v2_p1_230328_912850_recycled_08,6.77,64.13,0.3501,0.0047,0,4,2,MYD88_D3Z6Q9_x1_1,2,2
MYD88_D3Z6Q9_x1,1,model_1_multimer_v2_p1_230328_912850_recycled_09,8.35,63.77,0.3513,0.0054,0,4,3,MYD88_D3Z6Q9_x1_1,2,2
MYD88_D3Z6Q9_x1,1,model_1_multimer_v2_p1_230328_912850_recycled_10,11.76,63.96,0.3503,0.0055,0,4,3,MYD88_D3Z6Q9_x1_1,2,2
MYD88_D3Z6Q9_x1,1,model_1_multimer_v2_p1_230328_912850_recycled_11,13.94,63.84,0.3498,0.0075,0,5,4,MYD88_D3Z6Q9_x1_1,2,2
MYD88_D3Z6Q9_x1,1,model_1_multimer_v2_p1_230328_912850_recycled_12,7.54,64.57,0.3518,0.0032,0,4,3,MYD88_D3Z6Q9_x1_1,2,2
MYD88_D3Z6Q9_x1,1,model_1_multimer_v2_p1_230328_912850_recycled_13,7.46,64.36,0.3508,0.0069,0,5,4,MYD88_D3Z6Q9_x1_1,2,2
MYD88_D3Z6Q9_x1,1,model_1_multimer_v2_p1_230328_912850_recycled_14,6.75,64.64,0.3538,0.0092,1e-04,6,5,MYD88_D3Z6Q9_x1_1,2,2
MYD88_D3Z6Q9_x1,1,model_1_multimer_v2_p1_230328_912850_recycled_15,5.23,64.68,0.3506,0,0,0,0,MYD88_D3Z6Q9_x1_1,2,2
MYD88_D3Z6Q9_x1,1,model_1_multimer_v2_p1_230328_912850_recycled_16,8.43,64.36,0.3501,0,0,0,0,MYD88_D3Z6Q9_x1_1,2,2
MYD88_D3Z6Q9_x1,1,model_1_multimer_v2_p1_230328_912850_recycled_17,5.77,64.28,0.352,0.0014,0,2,1,MYD88_D3Z6Q9_x1_1,2,2
MYD88_D3Z6Q9_x1,1,model_1_multimer_v2_p1_230328_912850_recycled_18,4.08,64.28,0.3534,0,0,0,0,MYD88_D3Z6Q9_x1_1,2,2
MYD88_D3Z6Q9_x1,1,model_1_multimer_v2_p1_230328_912850_recycled_19,7.23,64.57,0.3571,0,0,0,0,MYD88_D3Z6Q9_x1_1,2,2
MYD88_D3Z6Q9_x1,2,model_2_multimer_v2_p1_230328_694311,8.577,63.95,0.3468,0,0,0,0,MYD88_D3Z6Q9_x1_2,2,2
MYD88_D3Z6Q9_x1,2,model_2_multimer_v2_p1_230328_694311_recycled_00,9999,61.04,0.3315,0,0,0,0,MYD88_D3Z6Q9_x1_2,2,2
MYD88_D3Z6Q9_x1,2,model_2_multimer_v2_p1_230328_694311_recycled_01,112.52,63.54,0.3451,0.0185,1e-04,8,6,MYD88_D3Z6Q9_x1_2,2,2
MYD88_D3Z6Q9_x1,2,model_2_multimer_v2_p1_230328_694311_recycled_02,21.64,64,0.3428,0,0,0,0,MYD88_D3Z6Q9_x1_2,2,2
MYD88_D3Z6Q9_x1,2,model_2_multimer_v2_p1_230328_694311_recycled_03,20.3,63.59,0.3454,0,0,0,0,MYD88_D3Z6Q9_x1_2,2,2
MYD88_D3Z6Q9_x1,2,model_2_multimer_v2_p1_230328_694311_recycled_04,23.84,64.13,0.3461,0,0,0,0,MYD88_D3Z6Q9_x1_2,2,2
MYD88_D3Z6Q9_x1,2,model_2_multimer_v2_p1_230328_694311_recycled_05,11.25,64.27,0.3468,0,0,0,0,MYD88_D3Z6Q9_x1_2,2,2
MYD88_D3Z6Q9_x1,2,model_2_multimer_v2_p1_230328_694311_recycled_06,15.23,63.93,0.3465,0,0,0,0,MYD88_D3Z6Q9_x1_2,2,2
MYD88_D3Z6Q9_x1,2,model_2_multimer_v2_p1_230328_694311_recycled_07,11.85,64.18,0.3478,0.003,0,3,2,MYD88_D3Z6Q9_x1_2,2,2
MYD88_D3Z6Q9_x1,2,model_2_multimer_v2_p1_230328_694311_recycled_08,11.62,64.35,0.3496,0,0,0,0,MYD88_D3Z6Q9_x1_2,2,2
MYD88_D3Z6Q9_x1,2,model_2_multimer_v2_p1_230328_694311_recycled_09,16.37,64.68,0.3499,0,0,0,0,MYD88_D3Z6Q9_x1_2,2,2
MYD88_D3Z6Q9_x1,2,model_2_multimer_v2_p1_230328_694311_recycled_10,13.54,64.12,0.3492,0,0,0,0,MYD88_D3Z6Q9_x1_2,2,2
MYD88_D3Z6Q9_x1,2,model_2_multimer_v2_p1_230328_694311_recycled_11,5.62,64.36,0.3501,0,0,0,0,MYD88_D3Z6Q9_x1_2,2,2
MYD88_D3Z6Q9_x1,2,model_2_multimer_v2_p1_230328_694311_recycled_12,5.23,64.5,0.348,0,0,0,0,MYD88_D3Z6Q9_x1_2,2,2
MYD88_D3Z6Q9_x1,2,model_2_multimer_v2_p1_230328_694311_recycled_13,8.05,64.31,0.3477,0,0,0,0,MYD88_D3Z6Q9_x1_2,2,2
MYD88_D3Z6Q9_x1,2,model_2_multimer_v2_p1_230328_694311_recycled_14,7.1,64.64,0.3476,0,0,0,0,MYD88_D3Z6Q9_x1_2,2,2
MYD88_D3Z6Q9_x1,2,model_2_multimer_v2_p1_230328_694311_recycled_15,23.17,64.47,0.3489,0,0,0,0,MYD88_D3Z6Q9_x1_2,2,2
MYD88_D3Z6Q9_x1,2,model_2_multimer_v2_p1_230328_694311_recycled_16,21.43,64.39,0.3467,0,0,0,0,MYD88_D3Z6Q9_x1_2,2,2
MYD88_D3Z6Q9_x1,2,model_2_multimer_v2_p1_230328_694311_recycled_17,4.83,64.66,0.3488,0,0,0,0,MYD88_D3Z6Q9_x1_2,2,2
MYD88_D3Z6Q9_x1,2,model_2_multimer_v2_p1_230328_694311_recycled_18,7.05,64.41,0.3493,0,0,0,0,MYD88_D3Z6Q9_x1_2,2,2
MYD88_D3Z6Q9_x1,2,model_2_multimer_v2_p1_230328_694311_recycled_19,7.42,64.39,0.3478,0,0,0,0,MYD88_D3Z6Q9_x1_2,2,2
MYD88_D3Z6Q9_x1,3,model_3_multimer_v2_p1_230328_289706,3.807,62.89,0.3373,0,0,0,0,MYD88_D3Z6Q9_x1_3,2,2
MYD88_D3Z6Q9_x1,3,model_3_multimer_v2_p1_230328_289706_recycled_00,9999,60.15,0.3284,0,0,0,0,MYD88_D3Z6Q9_x1_3,2,2
MYD88_D3Z6Q9_x1,3,model_3_multimer_v2_p1_230328_289706_recycled_01,142.46,61.64,0.3278,0,0,0,0,MYD88_D3Z6Q9_x1_3,2,2
MYD88_D3Z6Q9_x1,3,model_3_multimer_v2_p1_230328_289706_recycled_02,22.31,62.13,0.3311,0,0,0,0,MYD88_D3Z6Q9_x1_3,2,2
MYD88_D3Z6Q9_x1,3,model_3_multimer_v2_p1_230328_289706_recycled_03,12.41,62.05,0.3333,0,0,0,0,MYD88_D3Z6Q9_x1_3,2,2
MYD88_D3Z6Q9_x1,3,model_3_multimer_v2_p1_230328_289706_recycled_04,18.06,61.85,0.3332,0,0,0,0,MYD88_D3Z6Q9_x1_3,2,2
MYD88_D3Z6Q9_x1,3,model_3_multimer_v2_p1_230328_289706_recycled_05,35.47,62.9,0.3344,0,0,0,0,MYD88_D3Z6Q9_x1_3,2,2
MYD88_D3Z6Q9_x1,3,model_3_multimer_v2_p1_230328_289706_recycled_06,36.56,62.54,0.3356,0,0,0,0,MYD88_D3Z6Q9_x1_3,2,2
MYD88_D3Z6Q9_x1,3,model_3_multimer_v2_p1_230328_289706_recycled_07,8.93,62.5,0.3359,0,0,0,0,MYD88_D3Z6Q9_x1_3,2,2
MYD88_D3Z6Q9_x1,3,model_3_multimer_v2_p1_230328_289706_recycled_08,8.52,62.71,0.337,0,0,0,0,MYD88_D3Z6Q9_x1_3,2,2
MYD88_D3Z6Q9_x1,3,model_3_multimer_v2_p1_230328_289706_recycled_09,6.96,62.29,0.3356,0,0,0,0,MYD88_D3Z6Q9_x1_3,2,2
MYD88_D3Z6Q9_x1,3,model_3_multimer_v2_p1_230328_289706_recycled_10,7.27,62.74,0.3345,0,0,0,0,MYD88_D3Z6Q9_x1_3,2,2
MYD88_D3Z6Q9_x1,3,model_3_multimer_v2_p1_230328_289706_recycled_11,9.22,62.37,0.3356,0,0,0,0,MYD88_D3Z6Q9_x1_3,2,2
MYD88_D3Z6Q9_x1,3,model_3_multimer_v2_p1_230328_289706_recycled_12,6.7,62.7,0.3369,0,0,0,0,MYD88_D3Z6Q9_x1_3,2,2
MYD88_D3Z6Q9_x1,3,model_3_multimer_v2_p1_230328_289706_recycled_13,6.55,62.56,0.3365,0,0,0,0,MYD88_D3Z6Q9_x1_3,2,2
MYD88_D3Z6Q9_x1,3,model_3_multimer_v2_p1_230328_289706_recycled_14,11.54,62.52,0.337,0,0,0,0,MYD88_D3Z6Q9_x1_3,2,2
MYD88_D3Z6Q9_x1,3,model_3_multimer_v2_p1_230328_289706_recycled_15,4.79,62.36,0.3365,0,0,0,0,MYD88_D3Z6Q9_x1_3,2,2
MYD88_D3Z6Q9_x1,3,model_3_multimer_v2_p1_230328_289706_recycled_16,5.71,62.48,0.336,0,0,0,0,MYD88_D3Z6Q9_x1_3,2,2
MYD88_D3Z6Q9_x1,3,model_3_multimer_v2_p1_230328_289706_recycled_17,5.74,62.55,0.3363,0,0,0,0,MYD88_D3Z6Q9_x1_3,2,2
MYD88_D3Z6Q9_x1,3,model_3_multimer_v2_p1_230328_289706_recycled_18,7.23,62.59,0.3367,0,0,0,0,MYD88_D3Z6Q9_x1_3,2,2
MYD88_D3Z6Q9_x1,3,model_3_multimer_v2_p1_230328_289706_recycled_19,4.9,62.76,0.3369,0,0,0,0,MYD88_D3Z6Q9_x1_3,2,2
MYD88_D3Z6Q9_x1,4,model_4_multimer_v2_p1_230329_060172,9.483,64,0.3448,0.0014,0,2,1,MYD88_D3Z6Q9_x1_4,2,2
MYD88_D3Z6Q9_x1,4,model_4_multimer_v2_p1_230329_060172_recycled_00,9999,60.79,0.3247,0,0,0,0,MYD88_D3Z6Q9_x1_4,2,2
MYD88_D3Z6Q9_x1,4,model_4_multimer_v2_p1_230329_060172_recycled_01,114.45,62.72,0.3346,0,0,0,0,MYD88_D3Z6Q9_x1_4,2,2
MYD88_D3Z6Q9_x1,4,model_4_multimer_v2_p1_230329_060172_recycled_02,24.2,63.12,0.3364,0,0,0,0,MYD88_D3Z6Q9_x1_4,2,2
MYD88_D3Z6Q9_x1,4,model_4_multimer_v2_p1_230329_060172_recycled_03,16.02,62.94,0.3343,0,0,0,0,MYD88_D3Z6Q9_x1_4,2,2
MYD88_D3Z6Q9_x1,4,model_4_multimer_v2_p1_230329_060172_recycled_04,31.02,62.77,0.3293,0,0,0,0,MYD88_D3Z6Q9_x1_4,2,2
MYD88_D3Z6Q9_x1,4,model_4_multimer_v2_p1_230329_060172_recycled_05,18.39,63.31,0.3297,0,0,0,0,MYD88_D3Z6Q9_x1_4,2,2
MYD88_D3Z6Q9_x1,4,model_4_multimer_v2_p1_230329_060172_recycled_06,29.54,63.97,0.3336,0.0059,0,4,3,MYD88_D3Z6Q9_x1_4,2,2
MYD88_D3Z6Q9_x1,4,model_4_multimer_v2_p1_230329_060172_recycled_07,26.71,63.59,0.339,0,0,0,0,MYD88_D3Z6Q9_x1_4,2,2
MYD88_D3Z6Q9_x1,4,model_4_multimer_v2_p1_230329_060172_recycled_08,19.7,63.98,0.342,0,0,0,0,MYD88_D3Z6Q9_x1_4,2,2
MYD88_D3Z6Q9_x1,4,model_4_multimer_v2_p1_230329_060172_recycled_09,7.17,64.28,0.3451,0,0,0,0,MYD88_D3Z6Q9_x1_4,2,2
MYD88_D3Z6Q9_x1,4,model_4_multimer_v2_p1_230329_060172_recycled_10,6.38,64.09,0.3447,0,0,0,0,MYD88_D3Z6Q9_x1_4,2,2
MYD88_D3Z6Q9_x1,4,model_4_multimer_v2_p1_230329_060172_recycled_11,7.14,64.05,0.3459,0,0,0,0,MYD88_D3Z6Q9_x1_4,2,2
MYD88_D3Z6Q9_x1,4,model_4_multimer_v2_p1_230329_060172_recycled_12,11.63,64.21,0.3457,0,0,0,0,MYD88_D3Z6Q9_x1_4,2,2
MYD88_D3Z6Q9_x1,4,model_4_multimer_v2_p1_230329_060172_recycled_13,6.97,64.24,0.3466,0,0,0,0,MYD88_D3Z6Q9_x1_4,2,2
MYD88_D3Z6Q9_x1,4,model_4_multimer_v2_p1_230329_060172_recycled_14,4.7,64.38,0.3455,0,0,0,0,MYD88_D3Z6Q9_x1_4,2,2
MYD88_D3Z6Q9_x1,4,model_4_multimer_v2_p1_230329_060172_recycled_15,6.25,64.18,0.3435,0.0014,0,2,1,MYD88_D3Z6Q9_x1_4,2,2
MYD88_D3Z6Q9_x1,4,model_4_multimer_v2_p1_230329_060172_recycled_16,7.51,64.13,0.3453,0.0014,0,2,1,MYD88_D3Z6Q9_x1_4,2,2
MYD88_D3Z6Q9_x1,4,model_4_multimer_v2_p1_230329_060172_recycled_17,7.22,64.33,0.348,0,0,0,0,MYD88_D3Z6Q9_x1_4,2,2
MYD88_D3Z6Q9_x1,4,model_4_multimer_v2_p1_230329_060172_recycled_18,4.75,64.21,0.3455,0.0014,0,2,1,MYD88_D3Z6Q9_x1_4,2,2
MYD88_D3Z6Q9_x1,4,model_4_multimer_v2_p1_230329_060172_recycled_19,6.17,64.27,0.3469,0.0014,0,2,1,MYD88_D3Z6Q9_x1_4,2,2
MYD88_D3Z6Q9_x1,5,model_5_multimer_v2_p1_230329_046308,10.656,62,0.3353,0,0,0,0,MYD88_D3Z6Q9_x1_5,2,2
MYD88_D3Z6Q9_x1,5,model_5_multimer_v2_p1_230329_046308_recycled_00,9999,59.72,0.3253,0,0,0,0,MYD88_D3Z6Q9_x1_5,2,2
MYD88_D3Z6Q9_x1,5,model_5_multimer_v2_p1_230329_046308_recycled_01,81.75,61.51,0.3433,0.0014,0,2,1,MYD88_D3Z6Q9_x1_5,2,2
MYD88_D3Z6Q9_x1,5,model_5_multimer_v2_p1_230329_046308_recycled_02,44.25,61.77,0.3291,0,0,0,0,MYD88_D3Z6Q9_x1_5,2,2
MYD88_D3Z6Q9_x1,5,model_5_multimer_v2_p1_230329_046308_recycled_03,17.52,61.47,0.332,0,0,0,0,MYD88_D3Z6Q9_x1_5,2,2
MYD88_D3Z6Q9_x1,5,model_5_multimer_v2_p1_230329_046308_recycled_04,18.9,62.1,0.3364,0,0,0,0,MYD88_D3Z6Q9_x1_5,2,2
MYD88_D3Z6Q9_x1,5,model_5_multimer_v2_p1_230329_046308_recycled_05,29.99,61.52,0.3358,0,0,0,0,MYD88_D3Z6Q9_x1_5,2,2
MYD88_D3Z6Q9_x1,5,model_5_multimer_v2_p1_230329_046308_recycled_06,13.2,61.57,0.3356,0,0,0,0,MYD88_D3Z6Q9_x1_5,2,2
MYD88_D3Z6Q9_x1,5,model_5_multimer_v2_p1_230329_046308_recycled_07,10.23,61.37,0.3354,0,0,0,0,MYD88_D3Z6Q9_x1_5,2,2
MYD88_D3Z6Q9_x1,5,model_5_multimer_v2_p1_230329_046308_recycled_08,18.11,62.02,0.356,0.0737,0.0179,16,20,MYD88_D3Z6Q9_x1_5,2,2
MYD88_D3Z6Q9_x1,5,model_5_multimer_v2_p1_230329_046308_recycled_09,26.39,61.76,0.3364,0.0014,0,2,1,MYD88_D3Z6Q9_x1_5,2,2
MYD88_D3Z6Q9_x1,5,model_5_multimer_v2_p1_230329_046308_recycled_10,22.18,60.92,0.3386,0,0,0,0,MYD88_D3Z6Q9_x1_5,2,2
MYD88_D3Z6Q9_x1,5,model_5_multimer_v2_p1_230329_046308_recycled_11,17.26,61.13,0.3359,0,0,0,0,MYD88_D3Z6Q9_x1_5,2,2
MYD88_D3Z6Q9_x1,5,model_5_multimer_v2_p1_230329_046308_recycled_12,16.46,61.63,0.3353,0,0,0,0,MYD88_D3Z6Q9_x1_5,2,2
MYD88_D3Z6Q9_x1,5,model_5_multimer_v2_p1_230329_046308_recycled_13,12.85,61.99,0.3344,0,0,0,0,MYD88_D3Z6Q9_x1_5,2,2
MYD88_D3Z6Q9_x1,5,model_5_multimer_v2_p1_230329_046308_recycled_14,13.64,62.04,0.3353,0,0,0,0,MYD88_D3Z6Q9_x1_5,2,2
MYD88_D3Z6Q9_x1,5,model_5_multimer_v2_p1_230329_046308_recycled_15,7.29,61.72,0.335,0,0,0,0,MYD88_D3Z6Q9_x1_5,2,2
MYD88_D3Z6Q9_x1,5,model_5_multimer_v2_p1_230329_046308_recycled_16,6.16,61.95,0.3351,0,0,0,0,MYD88_D3Z6Q9_x1_5,2,2
MYD88_D3Z6Q9_x1,5,model_5_multimer_v2_p1_230329_046308_recycled_17,8.72,62.34,0.3356,0,0,0,0,MYD88_D3Z6Q9_x1_5,2,2
MYD88_D3Z6Q9_x1,5,model_5_multimer_v2_p1_230329_046308_recycled_18,17.77,62.13,0.3358,0,0,0,0,MYD88_D3Z6Q9_x1_5,2,2
MYD88_D3Z6Q9_x1,5,model_5_multimer_v2_p1_230329_046308_recycled_19,18.82,61.95,0.3362,0,0,0,0,MYD88_D3Z6Q9_x1_5,2,2
MYD88_MYD88_x1,1,model_1_multimer_v3_p1_230420_335758,0.122,80.42,0.7671,0.7471,0.8164,614,686,MYD88_MYD88_x1_1,1,14
MYD88_MYD88_x1,1,model_1_multimer_v3_p1_230420_335758_recycled_00,9999,68.13,0.3268,0.2401,0.3428,301,322,MYD88_MYD88_x1_1,1,14
MYD88_MYD88_x1,1,model_1_multimer_v3_p1_230420_335758_recycled_01,60.1,77.26,0.7014,0.6629,0.7839,500,548,MYD88_MYD88_x1_1,1,14
MYD88_MYD88_x1,1,model_1_multimer_v3_p1_230420_335758_recycled_02,13.94,76.54,0.6954,0.6833,0.7589,527,606,MYD88_MYD88_x1_1,1,14
MYD88_MYD88_x1,1,model_1_multimer_v3_p1_230420_335758_recycled_03,5.14,78.96,0.7457,0.7391,0.8025,566,672,MYD88_MYD88_x1_1,1,14
MYD88_MYD88_x1,1,model_1_multimer_v3_p1_230420_335758_recycled_04,1.17,79.06,0.7425,0.7314,0.7991,582,668,MYD88_MYD88_x1_1,1,14
MYD88_MYD88_x1,1,model_1_multimer_v3_p1_230420_335758_recycled_05,0.5,79.87,0.7634,0.7482,0.8144,599,682,MYD88_MYD88_x1_1,1,14
MYD88_MYD88_x1,1,model_1_multimer_v3_p1_230420_335758_recycled_06,0.32,79.82,0.7569,0.7406,0.8093,596,674,MYD88_MYD88_x1_1,1,14
MYD88_MYD88_x1,1,model_1_multimer_v3_p1_230420_335758_recycled_07,0.19,79.84,0.7587,0.7389,0.8077,612,680,MYD88_MYD88_x1_1,1,14
MYD88_MYD88_x1,1,model_1_multimer_v3_p1_230420_335758_recycled_08,0.22,79.87,0.7544,0.734,0.8038,614,685,MYD88_MYD88_x1_1,1,14
MYD88_MYD88_x1,1,model_1_multimer_v3_p1_230420_335758_recycled_09,0.16,80.16,0.7621,0.7428,0.8111,613,677,MYD88_MYD88_x1_1,1,14
MYD88_MYD88_x1,1,model_1_multimer_v3_p1_230420_335758_recycled_10,0.22,80.08,0.7595,0.7396,0.809,609,683,MYD88_MYD88_x1_1,1,14
MYD88_MYD88_x1,1,model_1_multimer_v3_p1_230420_335758_recycled_11,0.17,80.42,0.7694,0.7513,0.819,616,685,MYD88_MYD88_x1_1,1,14
MYD88_MYD88_x1,1,model_1_multimer_v3_p1_230420_335758_recycled_12,0.16,80.38,0.766,0.7482,0.8165,615,682,MYD88_MYD88_x1_1,1,14
MYD88_MYD88_x1,1,model_1_multimer_v3_p1_230420_335758_recycled_13,0.12,80.15,0.764,0.7454,0.8147,617,686,MYD88_MYD88_x1_1,1,14
MYD88_MYD88_x1,1,model_1_multimer_v3_p1_230420_335758_recycled_14,0.1,80.55,0.7702,0.7497,0.818,612,683,MYD88_MYD88_x1_1,1,14
MYD88_MYD88_x1,1,model_1_multimer_v3_p1_230420_335758_recycled_15,0.12,80.17,0.7642,0.7463,0.8143,616,679,MYD88_MYD88_x1_1,1,14
MYD88_MYD88_x1,1,model_1_multimer_v3_p1_230420_335758_recycled_16,0.11,80.27,0.7646,0.746,0.815,616,682,MYD88_MYD88_x1_1,1,14
MYD88_MYD88_x1,1,model_1_multimer_v3_p1_230420_335758_recycled_17,0.13,80.09,0.7615,0.7453,0.8143,616,686,MYD88_MYD88_x1_1,1,14
MYD88_MYD88_x1,1,model_1_multimer_v3_p1_230420_335758_recycled_18,0.12,80.38,0.7658,0.7438,0.8136,620,690,MYD88_MYD88_x1_1,1,14
MYD88_MYD88_x1,1,model_1_multimer_v3_p1_230420_335758_recycled_19,0.16,80.29,0.7667,0.7473,0.8166,614,685,MYD88_MYD88_x1_1,1,14
MYD88_MYD88_x1,2,model_2_multimer_v3_p1_230420_447855,0.16,73.99,0.5966,0.5728,0.6906,589,655,MYD88_MYD88_x1_2,1,14
MYD88_MYD88_x1,2,model_2_multimer_v3_p1_230420_447855_recycled_00,9999,67.97,0.4613,0.3514,0.4152,359,350,MYD88_MYD88_x1_2,1,14
MYD88_MYD88_x1,2,model_2_multimer_v3_p1_230420_447855_recycled_01,56.74,75.52,0.6347,0.5966,0.7555,537,610,MYD88_MYD88_x1_2,1,14
MYD88_MYD88_x1,2,model_2_multimer_v3_p1_230420_447855_recycled_02,6.79,76.52,0.6909,0.6729,0.7668,529,601,MYD88_MYD88_x1_2,1,14
MYD88_MYD88_x1,2,model_2_multimer_v3_p1_230420_447855_recycled_03,5.36,75.66,0.6639,0.6487,0.745,588,664,MYD88_MYD88_x1_2,1,14
MYD88_MYD88_x1,2,model_2_multimer_v3_p1_230420_447855_recycled_04,0.62,74.67,0.6126,0.5996,0.7093,591,651,MYD88_MYD88_x1_2,1,14
MYD88_MYD88_x1,2,model_2_multimer_v3_p1_230420_447855_recycled_05,0.37,75.03,0.6325,0.6163,0.7239,597,673,MYD88_MYD88_x1_2,1,14
MYD88_MYD88_x1,2,model_2_multimer_v3_p1_230420_447855_recycled_06,0.23,73.98,0.5988,0.5762,0.6974,593,659,MYD88_MYD88_x1_2,1,14
MYD88_MYD88_x1,2,model_2_multimer_v3_p1_230420_447855_recycled_07,0.19,74.47,0.6119,0.5864,0.7103,600,667,MYD88_MYD88_x1_2,1,14
MYD88_MYD88_x1,2,model_2_multimer_v3_p1_230420_447855_recycled_08,0.13,74.38,0.6071,0.5838,0.7031,592,653,MYD88_MYD88_x1_2,1,14
MYD88_MYD88_x1,2,model_2_multimer_v3_p1_230420_447855_recycled_09,0.14,74.32,0.6074,0.5828,0.7045,590,659,MYD88_MYD88_x1_2,1,14
MYD88_MYD88_x1,2,model_2_multimer_v3_p1_230420_447855_recycled_10,0.12,74.29,0.6056,0.582,0.7028,585,656,MYD88_MYD88_x1_2,1,14
MYD88_MYD88_x1,2,model_2_multimer_v3_p1_230420_447855_recycled_11,0.16,74.42,0.61,0.5902,0.7053,584,655,MYD88_MYD88_x1_2,1,14
MYD88_MYD88_x1,2,model_2_multimer_v3_p1_230420_447855_recycled_12,0.21,74.01,0.5978,0.5742,0.6954,582,648,MYD88_MYD88_x1_2,1,14
MYD88_MYD88_x1,2,model_2_multimer_v3_p1_230420_447855_recycled_13,0.22,74.36,0.6102,0.5874,0.704,591,663,MYD88_MYD88_x1_2,1,14
MYD88_MYD88_x1,2,model_2_multimer_v3_p1_230420_447855_recycled_14,0.18,73.94,0.5968,0.5724,0.6938,586,661,MYD88_MYD88_x1_2,1,14
MYD88_MYD88_x1,2,model_2_multimer_v3_p1_230420_447855_recycled_15,0.12,74.02,0.6019,0.579,0.6982,590,660,MYD88_MYD88_x1_2,1,14
MYD88_MYD88_x1,2,model_2_multimer_v3_p1_230420_447855_recycled_16,0.13,74.2,0.601,0.5761,0.6937,586,652,MYD88_MYD88_x1_2,1,14
MYD88_MYD88_x1,2,model_2_multimer_v3_p1_230420_447855_recycled_17,0.14,74.07,0.604,0.5798,0.6981,593,662,MYD88_MYD88_x1_2,1,14
MYD88_MYD88_x1,2,model_2_multimer_v3_p1_230420_447855_recycled_18,0.12,73.72,0.5881,0.5651,0.6844,581,648,MYD88_MYD88_x1_2,1,14
MYD88_MYD88_x1,2,model_2_multimer_v3_p1_230420_447855_recycled_19,0.14,73.99,0.6004,0.5801,0.6959,590,668,MYD88_MYD88_x1_2,1,14
MYD88_MYD88_x1,3,model_3_multimer_v3_p1_230420_468782,0.406,74.16,0.6346,0.5854,0.6829,582,657,MYD88_MYD88_x1_3,1,14
MYD88_MYD88_x1,3,model_3_multimer_v3_p1_230420_468782_recycled_00,9999,67.52,0.3023,0.2382,0.2186,374,589,MYD88_MYD88_x1_3,1,14
MYD88_MYD88_x1,3,model_3_multimer_v3_p1_230420_468782_recycled_01,58.73,71.28,0.4985,0.4125,0.495,451,535,MYD88_MYD88_x1_3,1,14
MYD88_MYD88_x1,3,model_3_multimer_v3_p1_230420_468782_recycled_02,13.48,74.14,0.5825,0.5279,0.6424,478,517,MYD88_MYD88_x1_3,1,14
MYD88_MYD88_x1,3,model_3_multimer_v3_p1_230420_468782_recycled_03,3.75,77.52,0.7096,0.6804,0.7508,544,610,MYD88_MYD88_x1_3,1,14
MYD88_MYD88_x1,3,model_3_multimer_v3_p1_230420_468782_recycled_04,5.1,76.08,0.6932,0.6646,0.7318,577,654,MYD88_MYD88_x1_3,1,14
MYD88_MYD88_x1,3,model_3_multimer_v3_p1_230420_468782_recycled_05,0.58,75.35,0.6663,0.636,0.7057,559,623,MYD88_MYD88_x1_3,1,14
MYD88_MYD88_x1,3,model_3_multimer_v3_p1_230420_468782_recycled_06,0.38,75.71,0.6837,0.6571,0.7292,571,656,MYD88_MYD88_x1_3,1,14
MYD88_MYD88_x1,3,model_3_multimer_v3_p1_230420_468782_recycled_07,0.39,74.85,0.6572,0.6254,0.7035,556,631,MYD88_MYD88_x1_3,1,14
MYD88_MYD88_x1,3,model_3_multimer_v3_p1_230420_468782_recycled_08,0.31,75,0.6653,0.6302,0.7111,574,660,MYD88_MYD88_x1_3,1,14
MYD88_MYD88_x1,3,model_3_multimer_v3_p1_230420_468782_recycled_09,0.33,73.26,0.6194,0.5776,0.6619,537,606,MYD88_MYD88_x1_3,1,14
MYD88_MYD88_x1,3,model_3_multimer_v3_p1_230420_468782_recycled_10,0.41,74.83,0.654,0.6145,0.7021,585,667,MYD88_MYD88_x1_3,1,14
MYD88_MYD88_x1,3,model_3_multimer_v3_p1_230420_468782_recycled_11,0.48,73.33,0.62,0.5753,0.6626,560,619,MYD88_MYD88_x1_3,1,14
MYD88_MYD88_x1,3,model_3_multimer_v3_p1_230420_468782_recycled_12,0.41,75.22,0.6551,0.612,0.7046,589,671,MYD88_MYD88_x1_3,1,14
MYD88_MYD88_x1,3,model_3_multimer_v3_p1_230420_468782_recycled_13,0.44,73.72,0.6272,0.5835,0.6781,574,641,MYD88_MYD88_x1_3,1,14
MYD88_MYD88_x1,3,model_3_multimer_v3_p1_230420_468782_recycled_14,0.42,75.08,0.6513,0.6092,0.7008,586,665,MYD88_MYD88_x1_3,1,14
MYD88_MYD88_x1,3,model_3_multimer_v3_p1_230420_468782_recycled_15,0.39,73.45,0.6213,0.5765,0.6682,572,637,MYD88_MYD88_x1_3,1,14
MYD88_MYD88_x1,3,model_3_multimer_v3_p1_230420_468782_recycled_16,0.39,75.01,0.6519,0.6077,0.7026,588,672,MYD88_MYD88_x1_3,1,14
MYD88_MYD88_x1,3,model_3_multimer_v3_p1_230420_468782_recycled_17,0.43,73.83,0.6305,0.5855,0.6776,572,642,MYD88_MYD88_x1_3,1,14
MYD88_MYD88_x1,3,model_3_multimer_v3_p1_230420_468782_recycled_18,0.42,75,0.6506,0.6086,0.7022,593,672,MYD88_MYD88_x1_3,1,14
MYD88_MYD88_x1,3,model_3_multimer_v3_p1_230420_468782_recycled_19,0.42,73.35,0.6175,0.5706,0.6648,574,641,MYD88_MYD88_x1_3,1,14
MYD88_MYD88_x1,4,model_4_multimer_v3_p1_230420_400021,0.134,79.12,0.7189,0.6994,0.7979,573,665,MYD88_MYD88_x1_4,1,14
MYD88_MYD88_x1,4,model_4_multimer_v3_p1_230420_400021_recycled_00,9999,64.64,0.3333,0.2839,0.2758,536,1241,MYD88_MYD88_x1_4,1,14
MYD88_MYD88_x1,4,model_4_multimer_v3_p1_230420_400021_recycled_01,57.95,77.93,0.6887,0.6537,0.7725,556,617,MYD88_MYD88_x1_4,1,14
MYD88_MYD88_x1,4,model_4_multimer_v3_p1_230420_400021_recycled_02,13.58,76.23,0.6705,0.6275,0.7285,534,582,MYD88_MYD88_x1_4,1,14
MYD88_MYD88_x1,4,model_4_multimer_v3_p1_230420_400021_recycled_03,6.12,79.7,0.7541,0.7365,0.8126,605,708,MYD88_MYD88_x1_4,1,14
MYD88_MYD88_x1,4,model_4_multimer_v3_p1_230420_400021_recycled_04,1.53,79.14,0.7361,0.7168,0.7991,585,664,MYD88_MYD88_x1_4,1,14
MYD88_MYD88_x1,4,model_4_multimer_v3_p1_230420_400021_recycled_05,0.58,79.38,0.7371,0.7215,0.8096,581,670,MYD88_MYD88_x1_4,1,14
MYD88_MYD88_x1,4,model_4_multimer_v3_p1_230420_400021_recycled_06,0.62,78.94,0.722,0.7018,0.7961,568,651,MYD88_MYD88_x1_4,1,14
MYD88_MYD88_x1,4,model_4_multimer_v3_p1_230420_400021_recycled_07,0.35,79.03,0.7247,0.7058,0.8032,571,660,MYD88_MYD88_x1_4,1,14
MYD88_MYD88_x1,4,model_4_multimer_v3_p1_230420_400021_recycled_08,0.2,78.77,0.7139,0.6946,0.7925,572,656,MYD88_MYD88_x1_4,1,14
MYD88_MYD88_x1,4,model_4_multimer_v3_p1_230420_400021_recycled_09,0.24,79.22,0.7269,0.7103,0.8055,574,657,MYD88_MYD88_x1_4,1,14
MYD88_MYD88_x1,4,model_4_multimer_v3_p1_230420_400021_recycled_10,0.25,78.82,0.715,0.6974,0.795,576,659,MYD88_MYD88_x1_4,1,14
MYD88_MYD88_x1,4,model_4_multimer_v3_p1_230420_400021_recycled_11,0.21,79.03,0.7224,0.7042,0.8012,580,664,MYD88_MYD88_x1_4,1,14
MYD88_MYD88_x1,4,model_4_multimer_v3_p1_230420_400021_recycled_12,0.19,79.24,0.719,0.7013,0.8002,572,661,MYD88_MYD88_x1_4,1,14
MYD88_MYD88_x1,4,model_4_multimer_v3_p1_230420_400021_recycled_13,0.21,78.99,0.7224,0.7017,0.8012,566,647,MYD88_MYD88_x1_4,1,14
MYD88_MYD88_x1,4,model_4_multimer_v3_p1_230420_400021_recycled_14,0.26,78.51,0.7093,0.6873,0.7874,566,653,MYD88_MYD88_x1_4,1,14
MYD88_MYD88_x1,4,model_4_multimer_v3_p1_230420_400021_recycled_15,0.18,78.79,0.7183,0.6951,0.797,567,651,MYD88_MYD88_x1_4,1,14
MYD88_MYD88_x1,4,model_4_multimer_v3_p1_230420_400021_recycled_16,0.22,78.57,0.7099,0.689,0.7895,564,649,MYD88_MYD88_x1_4,1,14
MYD88_MYD88_x1,4,model_4_multimer_v3_p1_230420_400021_recycled_17,0.18,79.06,0.7219,0.7005,0.8,571,658,MYD88_MYD88_x1_4,1,14
MYD88_MYD88_x1,4,model_4_multimer_v3_p1_230420_400021_recycled_18,0.21,78.51,0.7105,0.6915,0.7903,570,656,MYD88_MYD88_x1_4,1,14
MYD88_MYD88_x1,4,model_4_multimer_v3_p1_230420_400021_recycled_19,0.16,78.94,0.7186,0.6992,0.7975,570,655,MYD88_MYD88_x1_4,1,14
MYD88_MYD88_x1,5,model_5_multimer_v3_p1_230420_475825,0.1,76.88,0.7279,0.7003,0.7792,574,644,MYD88_MYD88_x1_5,1,14
MYD88_MYD88_x1,5,model_5_multimer_v3_p1_230420_475825_recycled_00,9999,64.94,0.314,0.2881,0.2721,649,1437,MYD88_MYD88_x1_5,1,14
MYD88_MYD88_x1,5,model_5_multimer_v3_p1_230420_475825_recycled_01,57.94,74.7,0.6472,0.622,0.7028,504,546,MYD88_MYD88_x1_5,1,14
MYD88_MYD88_x1,5,model_5_multimer_v3_p1_230420_475825_recycled_02,14.64,81.15,0.8142,0.8024,0.8531,588,678,MYD88_MYD88_x1_5,1,14
MYD88_MYD88_x1,5,model_5_multimer_v3_p1_230420_475825_recycled_03,2.04,79.95,0.7917,0.7767,0.8369,587,673,MYD88_MYD88_x1_5,1,14
MYD88_MYD88_x1,5,model_5_multimer_v3_p1_230420_475825_recycled_04,0.45,79.28,0.7777,0.7625,0.8258,582,667,MYD88_MYD88_x1_5,1,14
MYD88_MYD88_x1,5,model_5_multimer_v3_p1_230420_475825_recycled_05,0.25,78.96,0.7689,0.7519,0.8194,574,656,MYD88_MYD88_x1_5,1,14
MYD88_MYD88_x1,5,model_5_multimer_v3_p1_230420_475825_recycled_06,0.24,78.07,0.7546,0.7326,0.8047,574,655,MYD88_MYD88_x1_5,1,14
MYD88_MYD88_x1,5,model_5_multimer_v3_p1_230420_475825_recycled_07,0.12,78.09,0.7509,0.7289,0.8037,580,658,MYD88_MYD88_x1_5,1,14
MYD88_MYD88_x1,5,model_5_multimer_v3_p1_230420_475825_recycled_08,0.18,77.91,0.7485,0.7254,0.8,582,654,MYD88_MYD88_x1_5,1,14
MYD88_MYD88_x1,5,model_5_multimer_v3_p1_230420_475825_recycled_09,0.19,77.75,0.7443,0.7186,0.7943,574,651,MYD88_MYD88_x1_5,1,14
MYD88_MYD88_x1,5,model_5_multimer_v3_p1_230420_475825_recycled_10,0.19,77.83,0.744,0.7223,0.7967,580,653,MYD88_MYD88_x1_5,1,14
MYD88_MYD88_x1,5,model_5_multimer_v3_p1_230420_475825_recycled_11,0.15,77.39,0.7354,0.7118,0.7882,577,647,MYD88_MYD88_x1_5,1,14
MYD88_MYD88_x1,5,model_5_multimer_v3_p1_230420_475825_recycled_12,0.15,77.4,0.7384,0.7154,0.79,577,650,MYD88_MYD88_x1_5,1,14
MYD88_MYD88_x1,5,model_5_multimer_v3_p1_230420_475825_recycled_13,0.13,77.29,0.7346,0.711,0.7864,575,648,MYD88_MYD88_x1_5,1,14
MYD88_MYD88_x1,5,model_5_multimer_v3_p1_230420_475825_recycled_14,0.21,77.08,0.7306,0.7043,0.7827,572,647,MYD88_MYD88_x1_5,1,14
MYD88_MYD88_x1,5,model_5_multimer_v3_p1_230420_475825_recycled_15,0.15,77.18,0.7327,0.7091,0.7846,578,650,MYD88_MYD88_x1_5,1,14
MYD88_E9PYK3_x1,1,model_1_multimer_v2_p1_230328_489624,8.465,60.58,0.5064,0,0,0,0,MYD88_E9PYK3_x1_1,2,2
MYD88_E9PYK3_x1,1,model_1_multimer_v2_p1_230328_489624_recycled_00,9999,58.16,0.477,0.3266,0.0075,64,95,MYD88_E9PYK3_x1_1,2,2
MYD88_E9PYK3_x1,1,model_1_multimer_v2_p1_230328_489624_recycled_01,98.51,59.59,0.4923,0,0,0,0,MYD88_E9PYK3_x1_1,2,2
MYD88_E9PYK3_x1,1,model_1_multimer_v2_p1_230328_489624_recycled_02,34.84,59.62,0.4997,0,0,0,0,MYD88_E9PYK3_x1_1,2,2
MYD88_E9PYK3_x1,1,model_1_multimer_v2_p1_230328_489624_recycled_03,24.51,60.02,0.503,0,0,0,0,MYD88_E9PYK3_x1_1,2,2
MYD88_E9PYK3_x1,1,model_1_multimer_v2_p1_230328_489624_recycled_04,19.55,60.15,0.5073,0.0688,0.001,26,38,MYD88_E9PYK3_x1_1,2,2
MYD88_E9PYK3_x1,1,model_1_multimer_v2_p1_230328_489624_recycled_05,15.42,60.16,0.5072,0,0,0,0,MYD88_E9PYK3_x1_1,2,2
MYD88_E9PYK3_x1,1,model_1_multimer_v2_p1_230328_489624_recycled_06,19.83,59.76,0.5052,0.2377,0.001,26,39,MYD88_E9PYK3_x1_1,2,2
MYD88_E9PYK3_x1,1,model_1_multimer_v2_p1_230328_489624_recycled_07,15.38,59.86,0.5058,0.049,1e-04,17,30,MYD88_E9PYK3_x1_1,2,2
MYD88_E9PYK3_x1,1,model_1_multimer_v2_p1_230328_489624_recycled_08,13.2,59.79,0.5029,0.0713,1e-04,18,33,MYD88_E9PYK3_x1_1,2,2
MYD88_E9PYK3_x1,1,model_1_multimer_v2_p1_230328_489624_recycled_09,9.06,60.16,0.5018,0.1011,9e-04,25,27,MYD88_E9PYK3_x1_1,2,2
MYD88_E9PYK3_x1,1,model_1_multimer_v2_p1_230328_489624_recycled_10,13.04,60.74,0.5058,0,0,0,0,MYD88_E9PYK3_x1_1,2,2
MYD88_E9PYK3_x1,1,model_1_multimer_v2_p1_230328_489624_recycled_11,9.83,60.72,0.503,0,0,0,0,MYD88_E9PYK3_x1_1,2,2
MYD88_E9PYK3_x1,1,model_1_multimer_v2_p1_230328_489624_recycled_12,11.55,60.65,0.5024,0.0061,0,5,3,MYD88_E9PYK3_x1_1,2,2
MYD88_E9PYK3_x1,1,model_1_multimer_v2_p1_230328_489624_recycled_13,12.1,60.57,0.5009,0,0,0,0,MYD88_E9PYK3_x1_1,2,2
MYD88_E9PYK3_x1,1,model_1_multimer_v2_p1_230328_489624_recycled_14,13.04,60.33,0.5018,0,0,0,0,MYD88_E9PYK3_x1_1,2,2
MYD88_E9PYK3_x1,1,model_1_multimer_v2_p1_230328_489624_recycled_15,9.27,60.73,0.5056,0,0,0,0,MYD88_E9PYK3_x1_1,2,2
MYD88_E9PYK3_x1,1,model_1_multimer_v2_p1_230328_489624_recycled_16,8.35,60.58,0.5034,0,0,0,0,MYD88_E9PYK3_x1_1,2,2
MYD88_E9PYK3_x1,1,model_1_multimer_v2_p1_230328_489624_recycled_17,8.48,60.44,0.5004,0,0,0,0,MYD88_E9PYK3_x1_1,2,2
MYD88_E9PYK3_x1,1,model_1_multimer_v2_p1_230328_489624_recycled_18,9.01,60.81,0.5079,0,0,0,0,MYD88_E9PYK3_x1_1,2,2
MYD88_E9PYK3_x1,1,model_1_multimer_v2_p1_230328_489624_recycled_19,6.47,60.34,0.5018,0,0,0,0,MYD88_E9PYK3_x1_1,2,2
MYD88_E9PYK3_x1,2,model_2_multimer_v2_p1_230329_727383,28.513,57.45,0.5055,0.0152,0,10,9,MYD88_E9PYK3_x1_2,2,2
MYD88_E9PYK3_x1,2,model_2_multimer_v2_p1_230329_727383_recycled_00,9999,55.42,0.4355,0.0976,0.0016,30,55,MYD88_E9PYK3_x1_2,2,2
MYD88_E9PYK3_x1,2,model_2_multimer_v2_p1_230329_727383_recycled_01,98.55,56.67,0.4589,0,0,0,0,MYD88_E9PYK3_x1_2,2,2
MYD88_E9PYK3_x1,2,model_2_multimer_v2_p1_230329_727383_recycled_02,33.04,57.02,0.4896,0,0,0,0,MYD88_E9PYK3_x1_2,2,2
MYD88_E9PYK3_x1,2,model_2_multimer_v2_p1_230329_727383_recycled_03,27.36,57.03,0.488,0.1633,7e-04,24,54,MYD88_E9PYK3_x1_2,2,2
MYD88_E9PYK3_x1,2,model_2_multimer_v2_p1_230329_727383_recycled_04,26.77,57.7,0.4888,0,0,0,0,MYD88_E9PYK3_x1_2,2,2
MYD88_E9PYK3_x1,2,model_2_multimer_v2_p1_230329_727383_recycled_05,24.15,57.08,0.4947,0,0,0,0,MYD88_E9PYK3_x1_2,2,2
MYD88_E9PYK3_x1,2,model_2_multimer_v2_p1_230329_727383_recycled_06,36.59,57.7,0.5043,0.0256,1e-04,18,20,MYD88_E9PYK3_x1_2,2,2
MYD88_E9PYK3_x1,2,model_2_multimer_v2_p1_230329_727383_recycled_07,24.31,57.76,0.5055,0,0,0,0,MYD88_E9PYK3_x1_2,2,2
MYD88_E9PYK3_x1,2,model_2_multimer_v2_p1_230329_727383_recycled_08,17.68,57.37,0.5011,0.4082,0.0031,38,65,MYD88_E9PYK3_x1_2,2,2
MYD88_E9PYK3_x1,2,model_2_multimer_v2_p1_230329_727383_recycled_09,25.52,57.72,0.5013,0,0,0,0,MYD88_E9PYK3_x1_2,2,2
MYD88_E9PYK3_x1,2,model_2_multimer_v2_p1_230329_727383_recycled_10,26.33,57.95,0.5053,0,0,0,0,MYD88_E9PYK3_x1_2,2,2
MYD88_E9PYK3_x1,2,model_2_multimer_v2_p1_230329_727383_recycled_11,24.21,58.5,0.5091,0,0,0,0,MYD88_E9PYK3_x1_2,2,2
MYD88_E9PYK3_x1,2,model_2_multimer_v2_p1_230329_727383_recycled_12,28.21,57.91,0.5041,0,0,0,0,MYD88_E9PYK3_x1_2,2,2
MYD88_E9PYK3_x1,2,model_2_multimer_v2_p1_230329_727383_recycled_13,27.37,57.86,0.5065,0.0033,0,3,2,MYD88_E9PYK3_x1_2,2,2
MYD88_E9PYK3_x1,2,model_2_multimer_v2_p1_230329_727383_recycled_14,30.26,57.73,0.5102,0,0,0,0,MYD88_E9PYK3_x1_2,2,2
MYD88_E9PYK3_x1,2,model_2_multimer_v2_p1_230329_727383_recycled_15,29.89,57.39,0.5076,0,0,0,0,MYD88_E9PYK3_x1_2,2,2
MYD88_E9PYK3_x1,2,model_2_multimer_v2_p1_230329_727383_recycled_16,20.25,58.04,0.5077,0.0128,0,9,13,MYD88_E9PYK3_x1_2,2,2
MYD88_E9PYK3_x1,2,model_2_multimer_v2_p1_230329_727383_recycled_17,26.56,57.61,0.5125,0,0,0,0,MYD88_E9PYK3_x1_2,2,2
MYD88_E9PYK3_x1,2,model_2_multimer_v2_p1_230329_727383_recycled_18,26.44,57.5,0.5112,0.0326,1e-04,12,11,MYD88_E9PYK3_x1_2,2,2
MYD88_E9PYK3_x1,2,model_2_multimer_v2_p1_230329_727383_recycled_19,19.74,57.63,0.5098,0,0,0,0,MYD88_E9PYK3_x1_2,2,2
MYD88_E9PYK3_x1,3,model_3_multimer_v2_p1_230329_748010,16.764,59.64,0.5167,0,0,0,0,MYD88_E9PYK3_x1_3,2,2
MYD88_E9PYK3_x1,3,model_3_multimer_v2_p1_230329_748010_recycled_00,9999,56.13,0.455,0.4742,0.0062,56,100,MYD88_E9PYK3_x1_3,2,2
MYD88_E9PYK3_x1,3,model_3_multimer_v2_p1_230329_748010_recycled_01,116.85,57.17,0.4582,0,0,0,0,MYD88_E9PYK3_x1_3,2,2
MYD88_E9PYK3_x1,3,model_3_multimer_v2_p1_230329_748010_recycled_02,40.8,57.64,0.4596,0.0228,6e-04,9,10,MYD88_E9PYK3_x1_3,2,2
MYD88_E9PYK3_x1,3,model_3_multimer_v2_p1_230329_748010_recycled_03,26.39,58.8,0.4784,0,0,0,0,MYD88_E9PYK3_x1_3,2,2
MYD88_E9PYK3_x1,3,model_3_multimer_v2_p1_230329_748010_recycled_04,21.89,58.81,0.4877,0,0,0,0,MYD88_E9PYK3_x1_3,2,2
MYD88_E9PYK3_x1,3,model_3_multimer_v2_p1_230329_748010_recycled_05,11.09,58.76,0.4843,0.004,0,3,2,MYD88_E9PYK3_x1_3,2,2
MYD88_E9PYK3_x1,3,model_3_multimer_v2_p1_230329_748010_recycled_06,16.8,59.09,0.4885,0,0,0,0,MYD88_E9PYK3_x1_3,2,2
MYD88_E9PYK3_x1,3,model_3_multimer_v2_p1_230329_748010_recycled_07,17.94,59.55,0.5075,0,0,0,0,MYD88_E9PYK3_x1_3,2,2
MYD88_E9PYK3_x1,3,model_3_multimer_v2_p1_230329_748010_recycled_08,19.45,60.11,0.5143,0,0,0,0,MYD88_E9PYK3_x1_3,2,2
MYD88_E9PYK3_x1,3,model_3_multimer_v2_p1_230329_748010_recycled_09,25.3,59.5,0.5092,0,0,0,0,MYD88_E9PYK3_x1_3,2,2
MYD88_E9PYK3_x1,3,model_3_multimer_v2_p1_230329_748010_recycled_10,15.24,59.86,0.5135,0,0,0,0,MYD88_E9PYK3_x1_3,2,2
MYD88_E9PYK3_x1,3,model_3_multimer_v2_p1_230329_748010_recycled_11,18.04,60.68,0.5182,0.0097,1e-04,5,3,MYD88_E9PYK3_x1_3,2,2
MYD88_E9PYK3_x1,3,model_3_multimer_v2_p1_230329_748010_recycled_12,22.64,60.39,0.5131,0,0,0,0,MYD88_E9PYK3_x1_3,2,2
MYD88_E9PYK3_x1,3,model_3_multimer_v2_p1_230329_748010_recycled_13,17.91,60.03,0.5088,0,0,0,0,MYD88_E9PYK3_x1_3,2,2
MYD88_E9PYK3_x1,3,model_3_multimer_v2_p1_230329_748010_recycled_14,21.13,60.45,0.5174,0,0,0,0,MYD88_E9PYK3_x1_3,2,2
MYD88_E9PYK3_x1,3,model_3_multimer_v2_p1_230329_748010_recycled_15,10.72,60.36,0.5161,0,0,0,0,MYD88_E9PYK3_x1_3,2,2
MYD88_E9PYK3_x1,3,model_3_multimer_v2_p1_230329_748010_recycled_16,17.41,60.07,0.5121,0,0,0,0,MYD88_E9PYK3_x1_3,2,2
MYD88_E9PYK3_x1,3,model_3_multimer_v2_p1_230329_748010_recycled_17,11.66,60.65,0.5203,0,0,0,0,MYD88_E9PYK3_x1_3,2,2
MYD88_E9PYK3_x1,3,model_3_multimer_v2_p1_230329_748010_recycled_18,11.78,60.14,0.514,0,0,0,0,MYD88_E9PYK3_x1_3,2,2
MYD88_E9PYK3_x1,3,model_3_multimer_v2_p1_230329_748010_recycled_19,16.31,59.96,0.5167,0,0,0,0,MYD88_E9PYK3_x1_3,2,2
MYD88_E9PYK3_x1,4,model_4_multimer_v2_p1_230329_712190,15.649,61.91,0.4926,0.4087,0.0048,41,78,MYD88_E9PYK3_x1_4,1,2
MYD88_E9PYK3_x1,4,model_4_multimer_v2_p1_230329_712190_recycled_00,9999,59.03,0.4397,0,0,0,0,MYD88_E9PYK3_x1_4,1,2
MYD88_E9PYK3_x1,4,model_4_multimer_v2_p1_230329_712190_recycled_01,106.41,59.25,0.4604,0,0,0,0,MYD88_E9PYK3_x1_4,1,2
MYD88_E9PYK3_x1,4,model_4_multimer_v2_p1_230329_712190_recycled_02,32.06,60.2,0.4795,0.0014,0,2,1,MYD88_E9PYK3_x1_4,1,2
MYD88_E9PYK3_x1,4,model_4_multimer_v2_p1_230329_712190_recycled_03,26.45,60.82,0.4811,0,0,0,0,MYD88_E9PYK3_x1_4,1,2
MYD88_E9PYK3_x1,4,model_4_multimer_v2_p1_230329_712190_recycled_04,22.9,61.72,0.4931,0,0,0,0,MYD88_E9PYK3_x1_4,1,2
MYD88_E9PYK3_x1,4,model_4_multimer_v2_p1_230329_712190_recycled_05,18.41,60.36,0.486,0,0,0,0,MYD88_E9PYK3_x1_4,1,2
MYD88_E9PYK3_x1,4,model_4_multimer_v2_p1_230329_712190_recycled_06,20.11,61.17,0.4889,0,0,0,0,MYD88_E9PYK3_x1_4,1,2
MYD88_E9PYK3_x1,4,model_4_multimer_v2_p1_230329_712190_recycled_07,22.72,60.31,0.4828,0,0,0,0,MYD88_E9PYK3_x1_4,1,2
MYD88_E9PYK3_x1,4,model_4_multimer_v2_p1_230329_712190_recycled_08,22.8,61.89,0.4879,0,0,0,0,MYD88_E9PYK3_x1_4,1,2
MYD88_E9PYK3_x1,4,model_4_multimer_v2_p1_230329_712190_recycled_09,22.39,61.51,0.4859,0,0,0,0,MYD88_E9PYK3_x1_4,1,2
MYD88_E9PYK3_x1,4,model_4_multimer_v2_p1_230329_712190_recycled_10,18.41,60.88,0.4852,0,0,0,0,MYD88_E9PYK3_x1_4,1,2
MYD88_E9PYK3_x1,4,model_4_multimer_v2_p1_230329_712190_recycled_11,19.79,61.58,0.477,0,0,0,0,MYD88_E9PYK3_x1_4,1,2
MYD88_E9PYK3_x1,4,model_4_multimer_v2_p1_230329_712190_recycled_12,20.01,61.78,0.4876,0,0,0,0,MYD88_E9PYK3_x1_4,1,2
MYD88_E9PYK3_x1,4,model_4_multimer_v2_p1_230329_712190_recycled_13,16.79,60.69,0.4731,0,0,0,0,MYD88_E9PYK3_x1_4,1,2
MYD88_E9PYK3_x1,4,model_4_multimer_v2_p1_230329_712190_recycled_14,18.74,61.59,0.4895,0.0339,1e-04,15,14,MYD88_E9PYK3_x1_4,1,2
MYD88_E9PYK3_x1,4,model_4_multimer_v2_p1_230329_712190_recycled_15,16.22,60.37,0.4773,0,0,0,0,MYD88_E9PYK3_x1_4,1,2
MYD88_E9PYK3_x1,4,model_4_multimer_v2_p1_230329_712190_recycled_16,18.86,60.86,0.4875,0.1416,5e-04,22,28,MYD88_E9PYK3_x1_4,1,2
MYD88_E9PYK3_x1,4,model_4_multimer_v2_p1_230329_712190_recycled_17,17.54,61.32,0.4777,0.1886,9e-04,24,38,MYD88_E9PYK3_x1_4,1,2
MYD88_E9PYK3_x1,4,model_4_multimer_v2_p1_230329_712190_recycled_18,16.65,61.06,0.4843,0.4571,0.005,42,85,MYD88_E9PYK3_x1_4,1,2
MYD88_E9PYK3_x1,4,model_4_multimer_v2_p1_230329_712190_recycled_19,17.39,61.35,0.4778,0.3908,0.0041,39,73,MYD88_E9PYK3_x1_4,1,2
MYD88_E9PYK3_x1,5,model_5_multimer_v2_p1_230329_126009,18.762,58.04,0.5037,0.0289,1e-04,14,17,MYD88_E9PYK3_x1_5,1,2
MYD88_E9PYK3_x1,5,model_5_multimer_v2_p1_230329_126009_recycled_00,9999,59.69,0.4843,0.0426,2e-04,21,19,MYD88_E9PYK3_x1_5,1,2
MYD88_E9PYK3_x1,5,model_5_multimer_v2_p1_230329_126009_recycled_01,97.69,58.36,0.463,0.0962,0.0017,30,32,MYD88_E9PYK3_x1_5,1,2
MYD88_E9PYK3_x1,5,model_5_multimer_v2_p1_230329_126009_recycled_02,33.27,57.88,0.4852,0.1916,0.0011,24,37,MYD88_E9PYK3_x1_5,1,2
MYD88_E9PYK3_x1,5,model_5_multimer_v2_p1_230329_126009_recycled_03,23.6,57.91,0.4894,0,0,0,0,MYD88_E9PYK3_x1_5,1,2
MYD88_E9PYK3_x1,5,model_5_multimer_v2_p1_230329_126009_recycled_04,20.93,57.62,0.4931,0,0,0,0,MYD88_E9PYK3_x1_5,1,2
MYD88_E9PYK3_x1,5,model_5_multimer_v2_p1_230329_126009_recycled_05,21.66,57.49,0.4977,0.0142,4e-04,7,5,MYD88_E9PYK3_x1_5,1,2
MYD88_E9PYK3_x1,5,model_5_multimer_v2_p1_230329_126009_recycled_06,21.52,58.22,0.4975,0,0,0,0,MYD88_E9PYK3_x1_5,1,2
MYD88_E9PYK3_x1,5,model_5_multimer_v2_p1_230329_126009_recycled_07,21.65,58.88,0.4982,0.0014,0,2,1,MYD88_E9PYK3_x1_5,1,2
MYD88_E9PYK3_x1,5,model_5_multimer_v2_p1_230329_126009_recycled_08,20.86,58.8,0.4989,0.0091,0,6,4,MYD88_E9PYK3_x1_5,1,2
MYD88_E9PYK3_x1,5,model_5_multimer_v2_p1_230329_126009_recycled_09,20.41,58.68,0.4979,0.0166,1e-04,11,14,MYD88_E9PYK3_x1_5,1,2
MYD88_E9PYK3_x1,5,model_5_multimer_v2_p1_230329_126009_recycled_10,19.76,58.62,0.5025,0.0124,0,8,7,MYD88_E9PYK3_x1_5,1,2
MYD88_E9PYK3_x1,5,model_5_multimer_v2_p1_230329_126009_recycled_11,22.81,58.68,0.5013,0.0375,1e-04,13,12,MYD88_E9PYK3_x1_5,1,2
MYD88_E9PYK3_x1,5,model_5_multimer_v2_p1_230329_126009_recycled_12,20.37,58.64,0.5013,0.0079,0,5,4,MYD88_E9PYK3_x1_5,1,2
MYD88_E9PYK3_x1,5,model_5_multimer_v2_p1_230329_126009_recycled_13,17.39,58.42,0.5014,0.0034,0,3,2,MYD88_E9PYK3_x1_5,1,2
MYD88_E9PYK3_x1,5,model_5_multimer_v2_p1_230329_126009_recycled_14,20.05,59.22,0.5035,0.0083,0,6,3,MYD88_E9PYK3_x1_5,1,2
MYD88_E9PYK3_x1,5,model_5_multimer_v2_p1_230329_126009_recycled_15,22.62,59.22,0.5029,0,0,0,0,MYD88_E9PYK3_x1_5,1,2
MYD88_E9PYK3_x1,5,model_5_multimer_v2_p1_230329_126009_recycled_16,18.46,58.39,0.5023,0.092,2e-04,19,28,MYD88_E9PYK3_x1_5,1,2
MYD88_E9PYK3_x1,5,model_5_multimer_v2_p1_230329_126009_recycled_17,22.81,58.65,0.5019,0,0,0,0,MYD88_E9PYK3_x1_5,1,2
MYD88_E9PYK3_x1,5,model_5_multimer_v2_p1_230329_126009_recycled_18,17.48,59.22,0.5049,0.0312,1e-04,14,12,MYD88_E9PYK3_x1_5,1,2
MYD88_E9PYK3_x1,5,model_5_multimer_v2_p1_230329_126009_recycled_19,18.61,58.39,0.5014,0,0,0,0,MYD88_E9PYK3_x1_5,1,2
MYD88_IL1R_x1,1,model_1_multimer_v3_p1_230406_417843,0.786,76.05,0.426,0.4193,0.3177,36,45,MYD88_IL1R_x1_1,1,2
MYD88_IL1R_x1,1,model_1_multimer_v3_p1_230406_417843_recycled_00,9999,70.77,0.4217,0.2911,0.2002,168,238,MYD88_IL1R_x1_1,1,2
MYD88_IL1R_x1,1,model_1_multimer_v3_p1_230406_417843_recycled_01,87.91,72.59,0.4283,0.2813,0.2109,161,220,MYD88_IL1R_x1_1,1,2
MYD88_IL1R_x1,1,model_1_multimer_v3_p1_230406_417843_recycled_02,7.08,73.22,0.4232,0.2961,0.2575,148,217,MYD88_IL1R_x1_1,1,2
MYD88_IL1R_x1,1,model_1_multimer_v3_p1_230406_417843_recycled_03,3.8,73.11,0.4212,0.3446,0.2871,148,197,MYD88_IL1R_x1_1,1,2
MYD88_IL1R_x1,1,model_1_multimer_v3_p1_230406_417843_recycled_04,1.77,73.8,0.4215,0.2962,0.2669,123,170,MYD88_IL1R_x1_1,1,2
MYD88_IL1R_x1,1,model_1_multimer_v3_p1_230406_417843_recycled_05,1.93,74.18,0.424,0.3947,0.336,71,79,MYD88_IL1R_x1_1,1,2
MYD88_IL1R_x1,1,model_1_multimer_v3_p1_230406_417843_recycled_06,3.62,75.66,0.4238,0.4514,0.3497,41,51,MYD88_IL1R_x1_1,1,2
MYD88_IL1R_x1,1,model_1_multimer_v3_p1_230406_417843_recycled_07,22.04,76.23,0.4294,0.4277,0.3385,39,48,MYD88_IL1R_x1_1,1,2
MYD88_IL1R_x1,1,model_1_multimer_v3_p1_230406_417843_recycled_08,6.32,75.94,0.431,0.4238,0.3332,37,45,MYD88_IL1R_x1_1,1,2
MYD88_IL1R_x1,1,model_1_multimer_v3_p1_230406_417843_recycled_09,8.7,76.08,0.428,0.4166,0.3249,36,46,MYD88_IL1R_x1_1,1,2
MYD88_IL1R_x1,1,model_1_multimer_v3_p1_230406_417843_recycled_10,13.22,75.68,0.4297,0.4123,0.3314,36,45,MYD88_IL1R_x1_1,1,2
MYD88_IL1R_x1,1,model_1_multimer_v3_p1_230406_417843_recycled_11,20.31,75.54,0.4287,0.4289,0.3436,38,46,MYD88_IL1R_x1_1,1,2
MYD88_IL1R_x1,1,model_1_multimer_v3_p1_230406_417843_recycled_12,2.21,76.15,0.4287,0.4068,0.3198,36,45,MYD88_IL1R_x1_1,1,2
MYD88_IL1R_x1,1,model_1_multimer_v3_p1_230406_417843_recycled_13,23.39,76.15,0.4281,0.403,0.3171,36,45,MYD88_IL1R_x1_1,1,2
MYD88_IL1R_x1,1,model_1_multimer_v3_p1_230406_417843_recycled_14,5.27,76.08,0.4279,0.4024,0.3112,35,43,MYD88_IL1R_x1_1,1,2
MYD88_IL1R_x1,1,model_1_multimer_v3_p1_230406_417843_recycled_15,3.41,76.1,0.4262,0.4014,0.312,35,43,MYD88_IL1R_x1_1,1,2
MYD88_IL1R_x1,1,model_1_multimer_v3_p1_230406_417843_recycled_16,4.16,76.23,0.4249,0.4224,0.3252,37,45,MYD88_IL1R_x1_1,1,2
MYD88_IL1R_x1,1,model_1_multimer_v3_p1_230406_417843_recycled_17,1.74,75.94,0.4252,0.393,0.3037,34,43,MYD88_IL1R_x1_1,1,2
MYD88_IL1R_x1,1,model_1_multimer_v3_p1_230406_417843_recycled_18,4.33,76.14,0.4268,0.4232,0.3347,37,45,MYD88_IL1R_x1_1,1,2
MYD88_IL1R_x1,1,model_1_multimer_v3_p1_230406_417843_recycled_19,5.91,76.07,0.4273,0.444,0.3406,38,45,MYD88_IL1R_x1_1,1,2
MYD88_IL1R_x1,2,model_2_multimer_v3_p1_230406_714268,0.862,74.22,0.4233,0.2817,0.2509,111,143,MYD88_IL1R_x1_2,1,2
MYD88_IL1R_x1,2,model_2_multimer_v3_p1_230406_714268_recycled_00,9999,72.18,0.4234,0.2867,0.2601,160,207,MYD88_IL1R_x1_2,1,2
MYD88_IL1R_x1,2,model_2_multimer_v3_p1_230406_714268_recycled_01,88.67,73.01,0.4261,0.28,0.2444,141,158,MYD88_IL1R_x1_2,1,2
MYD88_IL1R_x1,2,model_2_multimer_v3_p1_230406_714268_recycled_02,5.41,73.19,0.4208,0.2747,0.2466,126,138,MYD88_IL1R_x1_2,1,2
MYD88_IL1R_x1,2,model_2_multimer_v3_p1_230406_714268_recycled_03,2.32,73.53,0.4184,0.3005,0.2263,139,149,MYD88_IL1R_x1_2,1,2
MYD88_IL1R_x1,2,model_2_multimer_v3_p1_230406_714268_recycled_04,1.84,73.79,0.4179,0.3206,0.2764,136,165,MYD88_IL1R_x1_2,1,2
MYD88_IL1R_x1,2,model_2_multimer_v3_p1_230406_714268_recycled_05,1.2,73.76,0.4172,0.2808,0.2531,129,148,MYD88_IL1R_x1_2,1,2
MYD88_IL1R_x1,2,model_2_multimer_v3_p1_230406_714268_recycled_06,1.28,73.68,0.4151,0.2714,0.2347,128,158,MYD88_IL1R_x1_2,1,2
MYD88_IL1R_x1,2,model_2_multimer_v3_p1_230406_714268_recycled_07,1.78,73.55,0.4126,0.2965,0.2309,128,148,MYD88_IL1R_x1_2,1,2
MYD88_IL1R_x1,2,model_2_multimer_v3_p1_230406_714268_recycled_08,1.51,73.62,0.4146,0.2745,0.2424,115,136,MYD88_IL1R_x1_2,1,2
MYD88_IL1R_x1,2,model_2_multimer_v3_p1_230406_714268_recycled_09,2.05,73.59,0.4119,0.2883,0.2256,129,153,MYD88_IL1R_x1_2,1,2
MYD88_IL1R_x1,2,model_2_multimer_v3_p1_230406_714268_recycled_10,2.47,73.7,0.4155,0.275,0.2368,127,152,MYD88_IL1R_x1_2,1,2
MYD88_IL1R_x1,2,model_2_multimer_v3_p1_230406_714268_recycled_11,1.99,73.38,0.4131,0.295,0.2187,130,152,MYD88_IL1R_x1_2,1,2
MYD88_IL1R_x1,2,model_2_multimer_v3_p1_230406_714268_recycled_12,2.4,73.78,0.4149,0.2807,0.2463,114,135,MYD88_IL1R_x1_2,1,2
MYD88_IL1R_x1,2,model_2_multimer_v3_p1_230406_714268_recycled_13,1.9,73.67,0.4144,0.2815,0.2476,110,135,MYD88_IL1R_x1_2,1,2
MYD88_IL1R_x1,2,model_2_multimer_v3_p1_230406_714268_recycled_14,0.88,73.63,0.4149,0.2811,0.2402,113,139,MYD88_IL1R_x1_2,1,2
MYD88_IL1R_x1,2,model_2_multimer_v3_p1_230406_714268_recycled_15,1.03,74.29,0.4207,0.2881,0.2398,116,142,MYD88_IL1R_x1_2,1,2
MYD88_IL1R_x1,2,model_2_multimer_v3_p1_230406_714268_recycled_16,1.77,74.09,0.4173,0.2905,0.2567,103,124,MYD88_IL1R_x1_2,1,2
MYD88_IL1R_x1,2,model_2_multimer_v3_p1_230406_714268_recycled_17,1.28,73.68,0.4166,0.283,0.2466,109,134,MYD88_IL1R_x1_2,1,2
MYD88_IL1R_x1,2,model_2_multimer_v3_p1_230406_714268_recycled_18,1.35,73.98,0.4205,0.2774,0.2387,115,151,MYD88_IL1R_x1_2,1,2
MYD88_IL1R_x1,2,model_2_multimer_v3_p1_230406_714268_recycled_19,1.63,74.05,0.4186,0.2787,0.2417,108,141,MYD88_IL1R_x1_2,1,2
MYD88_IL1R_x1,3,model_3_multimer_v3_p1_230406_660111,1.37,71.89,0.4207,0.2625,0.2307,107,117,MYD88_IL1R_x1_3,1,2
MYD88_IL1R_x1,3,model_3_multimer_v3_p1_230406_660111_recycled_00,9999,71.75,0.4191,0.2739,0.2417,97,104,MYD88_IL1R_x1_3,1,2
MYD88_IL1R_x1,3,model_3_multimer_v3_p1_230406_660111_recycled_01,97.15,72.48,0.4345,0.2833,0.2567,110,125,MYD88_IL1R_x1_3,1,2
MYD88_IL1R_x1,3,model_3_multimer_v3_p1_230406_660111_recycled_02,8.39,72.44,0.4306,0.2697,0.2436,106,110,MYD88_IL1R_x1_3,1,2
MYD88_IL1R_x1,3,model_3_multimer_v3_p1_230406_660111_recycled_03,1.81,72.31,0.4253,0.2523,0.2258,107,113,MYD88_IL1R_x1_3,1,2
MYD88_IL1R_x1,3,model_3_multimer_v3_p1_230406_660111_recycled_04,1.08,72.14,0.4223,0.2502,0.2229,107,112,MYD88_IL1R_x1_3,1,2
MYD88_IL1R_x1,3,model_3_multimer_v3_p1_230406_660111_recycled_05,1.06,72.51,0.4258,0.2601,0.2302,104,109,MYD88_IL1R_x1_3,1,2
MYD88_IL1R_x1,3,model_3_multimer_v3_p1_230406_660111_recycled_06,0.88,72.08,0.4209,0.2396,0.2136,113,119,MYD88_IL1R_x1_3,1,2
MYD88_IL1R_x1,3,model_3_multimer_v3_p1_230406_660111_recycled_07,0.8,72.11,0.4237,0.2491,0.222,112,116,MYD88_IL1R_x1_3,1,2
MYD88_IL1R_x1,3,model_3_multimer_v3_p1_230406_660111_recycled_08,0.92,71.9,0.421,0.2619,0.2331,113,114,MYD88_IL1R_x1_3,1,2
MYD88_IL1R_x1,3,model_3_multimer_v3_p1_230406_660111_recycled_09,0.75,72.15,0.4239,0.2555,0.2283,112,120,MYD88_IL1R_x1_3,1,2
MYD88_IL1R_x1,3,model_3_multimer_v3_p1_230406_660111_recycled_10,0.64,72.06,0.4227,0.2549,0.2271,110,115,MYD88_IL1R_x1_3,1,2
MYD88_IL1R_x1,3,model_3_multimer_v3_p1_230406_660111_recycled_11,0.73,72.27,0.4247,0.2579,0.2272,111,116,MYD88_IL1R_x1_3,1,2
MYD88_IL1R_x1,3,model_3_multimer_v3_p1_230406_660111_recycled_12,0.57,72.19,0.4245,0.2666,0.2355,113,115,MYD88_IL1R_x1_3,1,2
MYD88_IL1R_x1,3,model_3_multimer_v3_p1_230406_660111_recycled_13,0.88,71.96,0.421,0.2532,0.223,115,126,MYD88_IL1R_x1_3,1,2
MYD88_IL1R_x1,3,model_3_multimer_v3_p1_230406_660111_recycled_14,0.85,71.7,0.419,0.2559,0.2261,114,117,MYD88_IL1R_x1_3,1,2
MYD88_IL1R_x1,3,model_3_multimer_v3_p1_230406_660111_recycled_15,1.05,72.04,0.4213,0.263,0.2345,119,120,MYD88_IL1R_x1_3,1,2
MYD88_IL1R_x1,3,model_3_multimer_v3_p1_230406_660111_recycled_16,0.84,71.98,0.4213,0.264,0.2313,110,114,MYD88_IL1R_x1_3,1,2
MYD88_IL1R_x1,3,model_3_multimer_v3_p1_230406_660111_recycled_17,1.2,71.73,0.4163,0.2481,0.2168,115,116,MYD88_IL1R_x1_3,1,2
MYD88_IL1R_x1,3,model_3_multimer_v3_p1_230406_660111_recycled_18,1.18,71.72,0.4178,0.2598,0.2248,109,113,MYD88_IL1R_x1_3,1,2
MYD88_IL1R_x1,3,model_3_multimer_v3_p1_230406_660111_recycled_19,0.68,72.27,0.4216,0.2507,0.22,111,116,MYD88_IL1R_x1_3,1,2
MYD88_IL1R_x1,4,model_4_multimer_v3_p1_230406_936525,9.661,74.74,0.4356,0.4577,0.3429,39,44,MYD88_IL1R_x1_4,1,2
MYD88_IL1R_x1,4,model_4_multimer_v3_p1_230406_936525_recycled_00,9999,70.52,0.4073,0.2708,0.1924,118,141,MYD88_IL1R_x1_4,1,2
MYD88_IL1R_x1,4,model_4_multimer_v3_p1_230406_936525_recycled_01,91.92,72.22,0.4214,0.2967,0.1905,178,304,MYD88_IL1R_x1_4,1,2
MYD88_IL1R_x1,4,model_4_multimer_v3_p1_230406_936525_recycled_02,10.69,71.75,0.4167,0.2673,0.2283,115,122,MYD88_IL1R_x1_4,1,2
MYD88_IL1R_x1,4,model_4_multimer_v3_p1_230406_936525_recycled_03,6.44,71.83,0.4138,0.2758,0.2399,124,126,MYD88_IL1R_x1_4,1,2
MYD88_IL1R_x1,4,model_4_multimer_v3_p1_230406_936525_recycled_04,2.05,72.15,0.4168,0.2931,0.2469,102,101,MYD88_IL1R_x1_4,1,2
MYD88_IL1R_x1,4,model_4_multimer_v3_p1_230406_936525_recycled_05,2.12,72.82,0.4172,0.2713,0.2374,106,165,MYD88_IL1R_x1_4,1,2
MYD88_IL1R_x1,4,model_4_multimer_v3_p1_230406_936525_recycled_06,12.59,74.08,0.4199,0.4292,0.3148,38,42,MYD88_IL1R_x1_4,1,2
MYD88_IL1R_x1,4,model_4_multimer_v3_p1_230406_936525_recycled_07,40.77,72.61,0.4227,0.3619,0.2906,64,69,MYD88_IL1R_x1_4,1,2
MYD88_IL1R_x1,4,model_4_multimer_v3_p1_230406_936525_recycled_08,48.42,74.27,0.4247,0.432,0.316,37,42,MYD88_IL1R_x1_4,1,2
MYD88_IL1R_x1,4,model_4_multimer_v3_p1_230406_936525_recycled_09,46.73,73.31,0.4284,0.3249,0.2742,138,228,MYD88_IL1R_x1_4,1,2
MYD88_IL1R_x1,4,model_4_multimer_v3_p1_230406_936525_recycled_10,37.35,74.45,0.4241,0.4269,0.3164,37,43,MYD88_IL1R_x1_4,1,2
MYD88_IL1R_x1,4,model_4_multimer_v3_p1_230406_936525_recycled_11,30.07,74.42,0.4273,0.4223,0.3059,36,42,MYD88_IL1R_x1_4,1,2
MYD88_IL1R_x1,4,model_4_multimer_v3_p1_230406_936525_recycled_12,4.52,74.33,0.4297,0.4535,0.3341,40,46,MYD88_IL1R_x1_4,1,2
MYD88_IL1R_x1,4,model_4_multimer_v3_p1_230406_936525_recycled_13,8.87,72.71,0.4233,0.3839,0.2928,51,56,MYD88_IL1R_x1_4,1,2
MYD88_IL1R_x1,4,model_4_multimer_v3_p1_230406_936525_recycled_14,40.39,73.97,0.4235,0.4306,0.3112,37,43,MYD88_IL1R_x1_4,1,2
MYD88_IL1R_x1,4,model_4_multimer_v3_p1_230406_936525_recycled_15,37.53,74.5,0.4314,0.4377,0.3204,37,44,MYD88_IL1R_x1_4,1,2
MYD88_IL1R_x1,4,model_4_multimer_v3_p1_230406_936525_recycled_16,4.98,74.27,0.4296,0.4411,0.3227,38,44,MYD88_IL1R_x1_4,1,2
MYD88_IL1R_x1,4,model_4_multimer_v3_p1_230406_936525_recycled_17,1.94,74.73,0.4298,0.4508,0.3476,40,48,MYD88_IL1R_x1_4,1,2
MYD88_IL1R_x1,4,model_4_multimer_v3_p1_230406_936525_recycled_18,11.99,74.5,0.4322,0.4592,0.3428,40,45,MYD88_IL1R_x1_4,1,2
MYD88_IL1R_x1,4,model_4_multimer_v3_p1_230406_936525_recycled_19,10.11,74.61,0.431,0.4564,0.3385,39,45,MYD88_IL1R_x1_4,1,2
MYD88_IL1R_x1,5,model_5_multimer_v3_p1_230406_191114,1.902,70.25,0.407,0.2694,0.2368,103,115,MYD88_IL1R_x1_5,1,2
MYD88_IL1R_x1,5,model_5_multimer_v3_p1_230406_191114_recycled_00,9999,70.14,0.4097,0.2725,0.2404,112,127,MYD88_IL1R_x1_5,1,2
MYD88_IL1R_x1,5,model_5_multimer_v3_p1_230406_191114_recycled_01,89.92,69.8,0.4173,0.2665,0.2435,118,135,MYD88_IL1R_x1_5,1,2
MYD88_IL1R_x1,5,model_5_multimer_v3_p1_230406_191114_recycled_02,7.56,70.2,0.4105,0.2978,0.195,151,214,MYD88_IL1R_x1_5,1,2
MYD88_IL1R_x1,5,model_5_multimer_v3_p1_230406_191114_recycled_03,4.13,70.31,0.4057,0.2431,0.2121,123,152,MYD88_IL1R_x1_5,1,2
MYD88_IL1R_x1,5,model_5_multimer_v3_p1_230406_191114_recycled_04,4.8,70.69,0.4096,0.2541,0.228,118,135,MYD88_IL1R_x1_5,1,2
MYD88_IL1R_x1,5,model_5_multimer_v3_p1_230406_191114_recycled_05,3.28,70.38,0.4076,0.2668,0.2337,106,123,MYD88_IL1R_x1_5,1,2
MYD88_IL1R_x1,5,model_5_multimer_v3_p1_230406_191114_recycled_06,2.45,70.72,0.4101,0.2857,0.249,95,110,MYD88_IL1R_x1_5,1,2
MYD88_IL1R_x1,5,model_5_multimer_v3_p1_230406_191114_recycled_07,2.54,70.78,0.4133,0.2854,0.2517,99,113,MYD88_IL1R_x1_5,1,2
MYD88_IL1R_x1,5,model_5_multimer_v3_p1_230406_191114_recycled_08,1.19,70.72,0.4116,0.2968,0.2626,93,108,MYD88_IL1R_x1_5,1,2
MYD88_IL1R_x1,5,model_5_multimer_v3_p1_230406_191114_recycled_09,1.07,70.73,0.4125,0.2752,0.2463,104,111,MYD88_IL1R_x1_5,1,2
MYD88_IL1R_x1,5,model_5_multimer_v3_p1_230406_191114_recycled_10,1.37,70.61,0.4121,0.2794,0.2541,101,109,MYD88_IL1R_x1_5,1,2
MYD88_IL1R_x1,5,model_5_multimer_v3_p1_230406_191114_recycled_11,0.65,70.78,0.4115,0.2825,0.2524,103,109,MYD88_IL1R_x1_5,1,2
MYD88_IL1R_x1,5,model_5_multimer_v3_p1_230406_191114_recycled_12,0.8,70.4,0.4076,0.2724,0.2399,101,110,MYD88_IL1R_x1_5,1,2
MYD88_IL1R_x1,5,model_5_multimer_v3_p1_230406_191114_recycled_13,1.39,70.42,0.4083,0.2781,0.2477,105,120,MYD88_IL1R_x1_5,1,2
MYD88_IL1R_x1,5,model_5_multimer_v3_p1_230406_191114_recycled_14,1.03,70.45,0.409,0.2738,0.2416,101,114,MYD88_IL1R_x1_5,1,2
MYD88_IL1R_x1,5,model_5_multimer_v3_p1_230406_191114_recycled_15,1.46,70.02,0.4075,0.2724,0.24,102,114,MYD88_IL1R_x1_5,1,2
MYD88_IL1R_x1,5,model_5_multimer_v3_p1_230406_191114_recycled_16,0.99,70.23,0.4069,0.277,0.2432,100,108,MYD88_IL1R_x1_5,1,2
MYD88_IL1R_x1,5,model_5_multimer_v3_p1_230406_191114_recycled_17,0.94,70.32,0.407,0.2709,0.2377,103,117,MYD88_IL1R_x1_5,1,2
MYD88_IL1R_x1,5,model_5_multimer_v3_p1_230406_191114_recycled_18,1.26,70.37,0.4071,0.2737,0.2397,101,113,MYD88_IL1R_x1_5,1,2
MYD88_IL1R_x1,5,model_5_multimer_v3_p1_230406_191114_recycled_19,1.55,70.27,0.4073,0.2729,0.2432,106,120,MYD88_IL1R_x1_5,1,2
